3D_003,24
FileName,C:\MLP_Data\20221020-2D-10.csv
Type of measurement data,3D data in details.
Number of points in X direction,2891
Number of points in Y direction,1
Max. in X direction,-6.583882
Min. in X direction,7.241542
Max. in Y direction,6.874073
Min. in Y direction,6.873973
Max. in Z direction,0.281515
Min. in Z direction,-0.643690
Ave. in Z direction,-0.177659
Data Name,Polygon data(The 1 profiles AZ=-121deg.)
Pitch,Tracing axis : ,0.000500,Stepping axis : ,0.000000
Pitch(X Stage),Tracing axis : ,0.000500,Stepping axis : ,0.000000
Range,Tracing axis : ,1.445000,Stepping axis : ,0.000000
AF gain,2
AF sensor,Wide
Magnification,0.500000
Objective lens,LM100X
Laser offset,
Divide code,NO
 
X,Y,Z
-0.643690,6.583882,6.874033
-0.643448,6.584178,6.874033
-0.643116,6.584382,6.874033
-0.642643,6.584548,6.874033
-0.642115,6.584506,6.874033
-0.641430,6.584244,6.874033
-0.641024,6.584481,6.874033
-0.640610,6.584724,6.874033
-0.639804,6.584379,6.874033
-0.639266,6.584476,6.874033
-0.638845,6.584727,6.874033
-0.638386,6.584992,6.874033
-0.637969,6.585249,6.874033
-0.637532,6.585512,6.874033
-0.637105,6.585772,6.874033
-0.636651,6.586046,6.874033
-0.636189,6.586325,6.874033
-0.635735,6.586599,6.874033
-0.635082,6.586506,6.874033
-0.634304,6.586226,6.874033
-0.633846,6.586492,6.874033
-0.633396,6.586754,6.874033
-0.632960,6.587018,6.874033
-0.632499,6.587299,6.874033
-0.632088,6.587547,6.874033
-0.631669,6.587801,6.874033
-0.631233,6.588066,6.874033
-0.630797,6.588330,6.874033
-0.630344,6.588605,6.874033
-0.630070,6.589195,6.874033
-0.630978,6.591578,6.874033
-0.630789,6.592250,6.874033
-0.630364,6.592533,6.874033
-0.629928,6.592797,6.874033
-0.629502,6.593040,6.874033
-0.629118,6.593448,6.874033
-0.629719,6.595750,6.874033
-0.630231,6.597345,6.874033
-0.630294,6.598277,6.874033
-0.631465,6.601132,6.874033
-0.631366,6.601953,6.874033
-0.630955,6.602220,6.874033
-0.630543,6.602467,6.874033
-0.630117,6.602728,6.874033
-0.629855,6.603183,6.874033
-0.629716,6.603898,6.874033
-0.629640,6.604659,6.874033
-0.630013,6.606682,6.874033
-0.630671,6.608325,6.874033
-0.630732,6.609351,6.874033
-0.630316,6.609668,6.874033
-0.629880,6.609933,6.874033
-0.629479,6.610177,6.874033
-0.629043,6.610442,6.874033
-0.628641,6.610686,6.874033
-0.628214,6.610945,6.874033
-0.627769,6.611215,6.874033
-0.627334,6.611480,6.874033
-0.626906,6.611740,6.874033
-0.626487,6.611993,6.874033
-0.626048,6.612272,6.874033
-0.625598,6.612533,6.874033
-0.625162,6.612797,6.874033
-0.624987,6.613512,6.874033
-0.625388,6.615176,6.874033
-0.625068,6.615630,6.874033
-0.624769,6.616121,6.874033
-0.624998,6.617501,6.874033
-0.625255,6.618907,6.874033
-0.625123,6.619635,6.874033
-0.624690,6.619905,6.874033
-0.624262,6.620162,6.874033
-0.623852,6.620411,6.874033
-0.623479,6.620896,6.874033
-0.623477,6.621742,6.874033
-0.623038,6.622040,6.874033
-0.622621,6.622296,6.874033
-0.622228,6.622535,6.874033
-0.621829,6.622765,6.874033
-0.621428,6.623010,6.874033
-0.621017,6.623259,6.874033
-0.620616,6.623503,6.874033
-0.620457,6.624147,6.874033
-0.620239,6.625002,6.874033
-0.619930,6.625072,6.874033
-0.619905,6.625994,6.874033
-0.619480,6.626122,6.874033
-0.619070,6.626372,6.874033
-0.618637,6.626622,6.874033
-0.618192,6.626891,6.874033
-0.618005,6.627625,6.874033
-0.620894,6.633619,6.874033
-0.620558,6.634144,6.874033
-0.620610,6.635176,6.874033
-0.620140,6.635017,6.874033
-0.619710,6.635715,6.874033
-0.619620,6.636512,6.874033
-0.619271,6.636939,6.874033
-0.618782,6.637116,6.874033
-0.618333,6.637571,6.874033
-0.618032,6.637596,6.874033
-0.617677,6.637994,6.874033
-0.617138,6.638089,6.874033
-0.616199,6.637544,6.874033
-0.614480,6.635963,6.874033
-0.613420,6.634893,6.874033
-0.612976,6.635047,6.874033
-0.612530,6.635312,6.874033
-0.612077,6.635587,6.874033
-0.611658,6.635842,6.874033
-0.611218,6.636119,6.874033
-0.610768,6.636379,6.874033
-0.610331,6.636643,6.874033
-0.609896,6.636908,6.874033
-0.609468,6.637167,6.874033
-0.609015,6.637443,6.874033
-0.608570,6.637712,6.874033
-0.608134,6.637975,6.874033
-0.607723,6.638224,6.874033
-0.607330,6.638463,6.874033
-0.606911,6.638717,6.874033
-0.606483,6.638976,6.874033
-0.606081,6.639220,6.874033
-0.605662,6.639474,6.874033
-0.605261,6.639718,6.874033
-0.604850,6.639967,6.874033
-0.604216,6.639809,6.874033
-0.603524,6.639612,6.874033
-0.603086,6.639873,6.874033
-0.602678,6.640108,6.874033
-0.602243,6.640374,6.874033
-0.601807,6.640639,6.874033
-0.601405,6.640882,6.874033
-0.600961,6.641152,6.874033
-0.600551,6.641401,6.874033
-0.600114,6.641665,6.874033
-0.599670,6.641935,6.874033
-0.598966,6.641797,6.874033
-0.598188,6.641478,6.874033
-0.597757,6.641713,6.874033
-0.597313,6.641984,6.874033
-0.596676,6.641956,6.874033
-0.595831,6.641546,6.874033
-0.595100,6.641363,6.874033
-0.594671,6.641619,6.874033
-0.594273,6.641947,6.874033
-0.594107,6.642656,6.874033
-0.594136,6.643706,6.874033
-0.594513,6.645311,6.874033
-0.594231,6.645771,6.874033
-0.594014,6.646359,6.874033
-0.593828,6.647016,6.874033
-0.593643,6.647616,6.874033
-0.595097,6.651536,6.874033
-0.595746,6.653068,6.874033
-0.595478,6.653610,6.874033
-0.595042,6.653874,6.874033
-0.594641,6.654120,6.874033
-0.594231,6.654370,6.874033
-0.593847,6.654603,6.874033
-0.593753,6.655914,6.874033
-0.594176,6.657015,6.874033
-0.593911,6.657504,6.874033
-0.593475,6.657769,6.874033
-0.593100,6.657999,6.874033
-0.592699,6.658245,6.874033
-0.592359,6.658609,6.874033
-0.592270,6.659388,6.874033
-0.592260,6.660374,6.874033
-0.592798,6.662630,6.874033
-0.593500,6.664422,6.874033
-0.593363,6.665122,6.874033
-0.592929,6.665390,6.874033
-0.592495,6.665657,6.874033
-0.592359,6.666417,6.874033
-0.592349,6.667363,6.874033
-0.591707,6.667289,6.874033
-0.591263,6.667559,6.874033
-0.590789,6.668012,6.874033
-0.590763,6.668721,6.874033
-0.590344,6.669013,6.874033
-0.590103,6.669638,6.874033
-0.590358,6.671119,6.874033
-0.591280,6.674104,6.874033
-0.591925,6.675590,6.874033
-0.591808,6.676323,6.874033
-0.591476,6.676778,6.874033
-0.591280,6.677438,6.874033
-0.590873,6.677827,6.874033
-0.590281,6.677815,6.874033
-0.589818,6.678035,6.874033
-0.589365,6.678311,6.874033
-0.588938,6.678571,6.874033
-0.588502,6.678835,6.874033
-0.588084,6.679090,6.874033
-0.587631,6.679365,6.874033
-0.587186,6.679635,6.874033
-0.586759,6.679895,6.874033
-0.586477,6.680356,6.874033
-0.587257,6.682529,6.874033
-0.587237,6.683402,6.874033
-0.586816,6.683672,6.874033
-0.586406,6.683921,6.874033
-0.585996,6.684170,6.874033
-0.585603,6.684410,6.874033
-0.585201,6.684654,6.874033
-0.584808,6.684892,6.874033
-0.584407,6.685137,6.874033
-0.583971,6.685402,6.874033
-0.583552,6.685656,6.874033
-0.583125,6.685916,6.874033
-0.582671,6.686190,6.874033
-0.582270,6.686434,6.874033
-0.581826,6.686705,6.874033
-0.581415,6.686954,6.874033
-0.581033,6.687307,6.874033
-0.580723,6.688145,6.874033
-0.580505,6.688846,6.874033
-0.579973,6.688547,6.874033
-0.579390,6.688512,6.874033
-0.579129,6.689085,6.874033
-0.579044,6.689967,6.874033
-0.578632,6.690231,6.874033
-0.578186,6.690499,6.874033
-0.577749,6.690763,6.874033
-0.579568,6.695089,6.874033
-0.580179,6.697022,6.874033
-0.579283,6.696297,6.874033
-0.578844,6.696460,6.874033
-0.578410,6.696710,6.874033
-0.577992,6.696965,6.874033
-0.577565,6.697225,6.874033
-0.577163,6.697469,6.874033
-0.576728,6.697735,6.874033
-0.576301,6.697994,6.874033
-0.575848,6.698269,6.874033
-0.575417,6.698543,6.874033
-0.575007,6.698792,6.874033
-0.574605,6.699035,6.874033
-0.574189,6.699276,6.874033
-0.573762,6.699536,6.874033
-0.573344,6.699791,6.874033
-0.572971,6.700103,6.874033
-0.574290,6.703568,6.874033
-0.573924,6.703523,6.874033
-0.573125,6.703016,6.874033
-0.572784,6.703398,6.874033
-0.572823,6.704407,6.874033
-0.572409,6.704689,6.874033
-0.571255,6.704253,6.874033
-0.570504,6.703477,6.874033
-0.569935,6.703561,6.874033
-0.569534,6.703807,6.874033
-0.569085,6.704068,6.874033
-0.568667,6.704324,6.874033
-0.568223,6.704595,6.874033
-0.567769,6.704869,6.874033
-0.567325,6.705138,6.874033
-0.566898,6.705399,6.874033
-0.566444,6.705673,6.874033
-0.566103,6.706113,6.874033
-0.567626,6.710223,6.874033
-0.572524,6.719104,6.874033
-0.572226,6.719770,6.874033
-0.571620,6.719542,6.874033
-0.571348,6.720136,6.874033
-0.571365,6.721377,6.874033
-0.570693,6.720867,6.874033
-0.571125,6.722930,6.874033
-0.570631,6.722848,6.874033
-0.570331,6.723086,6.874033
-0.569724,6.723454,6.874033
-0.569526,6.723996,6.874033
-0.569104,6.724396,6.874033
-0.569044,6.725262,6.874033
-0.568252,6.724553,6.874033
-0.568237,6.725724,6.874033
-0.567717,6.725888,6.874033
-0.567376,6.726213,6.874033
-0.566997,6.726552,6.874033
-0.566627,6.726945,6.874033
-0.566335,6.727177,6.874033
-0.566880,6.728847,6.874033
-0.566431,6.729573,6.874033
-0.566087,6.729776,6.874033
-0.565787,6.730111,6.874033
-0.565589,6.730767,6.874033
-0.565482,6.731478,6.874033
-0.565130,6.731668,6.874033
-0.564934,6.732637,6.874033
-0.564723,6.732848,6.874033
-0.564333,6.733209,6.874033
-0.564091,6.734081,6.874033
-0.563757,6.734322,6.874033
-0.563176,6.734424,6.874033
-0.563325,6.735788,6.874033
-0.562962,6.736076,6.874033
-0.562658,6.736250,6.874033
-0.562505,6.736904,6.874033
-0.562075,6.737449,6.874033
-0.561813,6.737806,6.874033
-0.561139,6.737968,6.874033
-0.561215,6.739077,6.874033
-0.560974,6.739548,6.874033
-0.560849,6.740093,6.874033
-0.560415,6.740342,6.874033
-0.559843,6.740883,6.874033
-0.559427,6.740949,6.874033
-0.559983,6.742849,6.874033
-0.559018,6.741990,6.874033
-0.559114,6.743422,6.874033
-0.558539,6.743110,6.874033
-0.558333,6.744004,6.874033
-0.558119,6.744268,6.874033
-0.558035,6.745036,6.874033
-0.557476,6.745445,6.874033
-0.557059,6.745933,6.874033
-0.557431,6.746951,6.874033
-0.556684,6.747050,6.874033
-0.556360,6.747383,6.874033
-0.556055,6.747865,6.874033
-0.555974,6.748289,6.874033
-0.555595,6.748610,6.874033
-0.555082,6.749056,6.874033
-0.555413,6.750257,6.874033
-0.554658,6.749880,6.874033
-0.554441,6.750641,6.874033
-0.554391,6.751542,6.874033
-0.553938,6.751451,6.874033
-0.553841,6.752369,6.874033
-0.553428,6.752595,6.874033
-0.553019,6.752982,6.874033
-0.552838,6.753723,6.874033
-0.552767,6.754474,6.874033
-0.552316,6.754695,6.874033
-0.551895,6.755176,6.874033
-0.551616,6.755778,6.874033
-0.551205,6.755948,6.874033
-0.550684,6.756324,6.874033
-0.550480,6.756855,6.874033
-0.550689,6.758163,6.874033
-0.550095,6.758187,6.874033
-0.549951,6.758991,6.874033
-0.549565,6.759164,6.874033
-0.549449,6.759781,6.874033
-0.549010,6.760369,6.874033
-0.548671,6.760756,6.874033
-0.548381,6.761048,6.874033
-0.547842,6.761510,6.874033
-0.548086,6.762740,6.874033
-0.547682,6.763173,6.874033
-0.547299,6.763372,6.874033
-0.546728,6.763529,6.874033
-0.546773,6.764721,6.874033
-0.546110,6.764515,6.874033
-0.546085,6.765457,6.874033
-0.545874,6.766015,6.874033
-0.545572,6.766289,6.874033
-0.545285,6.766644,6.874033
-0.545253,6.767518,6.874033
-0.544797,6.768115,6.874033
-0.544488,6.768145,6.874033
-0.544234,6.768711,6.874033
-0.544051,6.769450,6.874033
-0.543757,6.769679,6.874033
-0.543382,6.770428,6.874033
-0.543273,6.771059,6.874033
-0.543102,6.771549,6.874033
-0.542766,6.771901,6.874033
-0.542419,6.772292,6.874033
-0.542038,6.773226,6.874033
-0.541890,6.773426,6.874033
-0.541676,6.773999,6.874033
-0.540968,6.774123,6.874033
-0.541152,6.775293,6.874033
-0.540712,6.775378,6.874033
-0.540443,6.776265,6.874033
-0.540166,6.776637,6.874033
-0.539893,6.776939,6.874033
-0.539552,6.777553,6.874033
-0.539262,6.778309,6.874033
-0.539045,6.778413,6.874033
-0.538707,6.779129,6.874033
-0.538467,6.779369,6.874033
-0.538191,6.779898,6.874033
-0.537874,6.780358,6.874033
-0.537598,6.780888,6.874033
-0.537327,6.781423,6.874033
-0.536850,6.782141,6.874033
-0.536730,6.782387,6.874033
-0.536962,6.783733,6.874033
-0.536323,6.784010,6.874033
-0.535770,6.783908,6.874033
-0.535712,6.784815,6.874033
-0.535386,6.785165,6.874033
-0.535003,6.785787,6.874033
-0.534607,6.786097,6.874033
-0.534633,6.786912,6.874033
-0.534328,6.787488,6.874033
-0.534062,6.787609,6.874033
-0.533626,6.788085,6.874033
-0.533402,6.788295,6.874033
-0.533190,6.789179,6.874033
-0.533004,6.789528,6.874033
-0.532711,6.790027,6.874033
-0.532413,6.790501,6.874033
-0.532589,6.791774,6.874033
-0.532167,6.791715,6.874033
-0.531963,6.792748,6.874033
-0.531494,6.792436,6.874033
-0.530998,6.792892,6.874033
-0.530866,6.793734,6.874033
-0.530422,6.794101,6.874033
-0.530137,6.794576,6.874033
-0.529882,6.795120,6.874033
-0.529656,6.795461,6.874033
-0.529358,6.795836,6.874033
-0.528582,6.795850,6.874033
-0.529436,6.797932,6.874033
-0.528685,6.798102,6.874033
-0.527773,6.797542,6.874033
-0.528306,6.799154,6.874033
-0.527420,6.799004,6.874033
-0.527054,6.799384,6.874033
-0.526903,6.800100,6.874033
-0.526696,6.800413,6.874033
-0.526202,6.800853,6.874033
-0.525698,6.800947,6.874033
-0.525392,6.801561,6.874033
-0.525173,6.802067,6.874033
-0.524728,6.802279,6.874033
-0.524445,6.802681,6.874033
-0.524113,6.803212,6.874033
-0.523915,6.803695,6.874033
-0.523493,6.804176,6.874033
-0.523340,6.805157,6.874033
-0.523034,6.805501,6.874033
-0.522678,6.805821,6.874033
-0.522423,6.806190,6.874033
-0.522014,6.806828,6.874033
-0.521512,6.806770,6.874033
-0.521610,6.807837,6.874033
-0.521309,6.808267,6.874033
-0.521104,6.808680,6.874033
-0.520801,6.809511,6.874033
-0.520595,6.809981,6.874033
-0.520379,6.810222,6.874033
-0.520195,6.810748,6.874033
-0.519863,6.811204,6.874033
-0.519653,6.811802,6.874033
-0.520070,6.813472,6.874033
-0.519460,6.813855,6.874033
-0.519183,6.814228,6.874033
-0.518835,6.814618,6.874033
-0.518631,6.815014,6.874033
-0.518229,6.815701,6.874033
-0.518087,6.816103,6.874033
-0.517729,6.816381,6.874033
-0.517650,6.817233,6.874033
-0.517244,6.817509,6.874033
-0.516956,6.818036,6.874033
-0.516640,6.818518,6.874033
-0.516294,6.818932,6.874033
-0.515926,6.819327,6.874033
-0.515651,6.819876,6.874033
-0.515337,6.820747,6.874033
-0.515192,6.821085,6.874033
-0.514826,6.821466,6.874033
-0.514532,6.821984,6.874033
-0.514592,6.823046,6.874033
-0.513985,6.823395,6.874033
-0.513317,6.822873,6.874033
-0.513115,6.823735,6.874033
-0.513114,6.824640,6.874033
-0.512689,6.825039,6.874033
-0.512590,6.825917,6.874033
-0.512341,6.826180,6.874033
-0.512134,6.826629,6.874033
-0.511704,6.827309,6.874033
-0.511604,6.827606,6.874033
-0.511304,6.828461,6.874033
-0.511085,6.828621,6.874033
-0.511175,6.830234,6.874033
-0.511062,6.830781,6.874033
-0.510852,6.831206,6.874033
-0.510495,6.831601,6.874033
-0.510168,6.831640,6.874033
-0.509379,6.831458,6.874033
-0.509626,6.832771,6.874033
-0.508752,6.832410,6.874033
-0.508666,6.833310,6.874033
-0.508348,6.833653,6.874033
-0.508099,6.834341,6.874033
-0.507690,6.834630,6.874033
-0.507555,6.835045,6.874033
-0.507039,6.835485,6.874033
-0.506888,6.836335,6.874033
-0.506426,6.836519,6.874033
-0.506126,6.837084,6.874033
-0.505930,6.837398,6.874033
-0.505570,6.837807,6.874033
-0.505086,6.838340,6.874033
-0.505104,6.839507,6.874033
-0.504679,6.839518,6.874033
-0.504544,6.840319,6.874033
-0.504157,6.840413,6.874033
-0.503537,6.840605,6.874033
-0.503742,6.841945,6.874033
-0.503371,6.842278,6.874033
-0.503090,6.842683,6.874033
-0.502616,6.843020,6.874033
-0.502627,6.844215,6.874033
-0.502086,6.844036,6.874033
-0.501992,6.844884,6.874033
-0.501594,6.845152,6.874033
-0.501120,6.845528,6.874033
-0.501229,6.846749,6.874033
-0.500845,6.847003,6.874033
-0.500643,6.847363,6.874033
-0.500291,6.847920,6.874033
-0.499931,6.848445,6.874033
-0.499792,6.848969,6.874033
-0.499677,6.849588,6.874033
-0.499175,6.849648,6.874033
-0.498632,6.849871,6.874033
-0.498609,6.850739,6.874033
-0.498218,6.850982,6.874033
-0.498338,6.852221,6.874033
-0.497845,6.852275,6.874033
-0.497631,6.852925,6.874033
-0.497408,6.853270,6.874033
-0.497090,6.854135,6.874033
-0.496789,6.854082,6.874033
-0.496530,6.854677,6.874033
-0.496215,6.855064,6.874033
-0.495929,6.855941,6.874033
-0.495643,6.856376,6.874033
-0.495409,6.856935,6.874033
-0.494957,6.857193,6.874033
-0.494747,6.857927,6.874033
-0.494445,6.858373,6.874033
-0.494128,6.858642,6.874033
-0.493736,6.859422,6.874033
-0.493574,6.859636,6.874033
-0.493202,6.860006,6.874033
-0.492719,6.860695,6.874033
-0.492423,6.861055,6.874033
-0.492317,6.861979,6.874033
-0.491839,6.861886,6.874033
-0.491809,6.862820,6.874033
-0.491631,6.863336,6.874033
-0.491415,6.863828,6.874033
-0.491019,6.864332,6.874033
-0.490768,6.864747,6.874033
-0.490426,6.865456,6.874033
-0.490162,6.865734,6.874033
-0.489537,6.865918,6.874033
-0.489695,6.867046,6.874033
-0.489530,6.867700,6.874033
-0.489149,6.868035,6.874033
-0.488471,6.867862,6.874033
-0.488674,6.868871,6.874033
-0.487646,6.868489,6.874033
-0.487877,6.869583,6.874033
-0.487247,6.869276,6.874033
-0.487039,6.870013,6.874033
-0.486743,6.870471,6.874033
-0.486966,6.871609,6.874033
-0.486475,6.871648,6.874033
-0.486086,6.872395,6.874033
-0.485627,6.872601,6.874033
-0.485591,6.873314,6.874033
-0.485405,6.873798,6.874033
-0.485080,6.874437,6.874033
-0.484987,6.875267,6.874033
-0.484582,6.875680,6.874033
-0.484147,6.876062,6.874033
-0.483716,6.876162,6.874033
-0.483785,6.877374,6.874033
-0.483394,6.877655,6.874033
-0.483075,6.878131,6.874033
-0.482690,6.878498,6.874033
-0.482624,6.879451,6.874033
-0.482185,6.879517,6.874033
-0.481955,6.880237,6.874033
-0.481769,6.880606,6.874033
-0.481468,6.881381,6.874033
-0.480991,6.881597,6.874033
-0.481117,6.882807,6.874033
-0.480732,6.883040,6.874033
-0.480210,6.883395,6.874033
-0.480117,6.884205,6.874033
-0.479714,6.884196,6.874033
-0.479109,6.884434,6.874033
-0.479165,6.885490,6.874033
-0.478861,6.885913,6.874033
-0.478630,6.886304,6.874033
-0.478294,6.886637,6.874033
-0.477841,6.887259,6.874033
-0.477658,6.887401,6.874033
-0.477330,6.887824,6.874033
-0.477260,6.888635,6.874033
-0.476866,6.888911,6.874033
-0.476475,6.889172,6.874033
-0.476250,6.889707,6.874033
-0.475857,6.889985,6.874033
-0.475752,6.890872,6.874033
-0.475492,6.891637,6.874033
-0.475351,6.891964,6.874033
-0.475196,6.892633,6.874033
-0.475050,6.893375,6.874033
-0.474729,6.893830,6.874033
-0.474553,6.894484,6.874033
-0.474310,6.895087,6.874033
-0.474341,6.896082,6.874033
-0.474363,6.897563,6.874033
-0.474187,6.897814,6.874033
-0.473777,6.898140,6.874033
-0.473427,6.898623,6.874033
-0.473112,6.898953,6.874033
-0.472671,6.899248,6.874033
-0.472404,6.899810,6.874033
-0.471750,6.900158,6.874033
-0.471401,6.900547,6.874033
-0.471215,6.901088,6.874033
-0.470893,6.901676,6.874033
-0.470798,6.902330,6.874033
-0.470683,6.902814,6.874033
-0.470379,6.903778,6.874033
-0.470033,6.904057,6.874033
-0.469760,6.904107,6.874033
-0.469363,6.904398,6.874033
-0.469183,6.905432,6.874033
-0.468854,6.905834,6.874033
-0.468596,6.906026,6.874033
-0.468376,6.906705,6.874033
-0.467998,6.907044,6.874033
-0.467703,6.907638,6.874033
-0.467381,6.908284,6.874033
-0.467104,6.908637,6.874033
-0.466744,6.908949,6.874033
-0.466398,6.909362,6.874033
-0.466371,6.910378,6.874033
-0.465838,6.910386,6.874033
-0.465601,6.910786,6.874033
-0.465294,6.911167,6.874033
-0.465116,6.911471,6.874033
-0.464869,6.912240,6.874033
-0.464651,6.912709,6.874033
-0.464306,6.913298,6.874033
-0.463980,6.913956,6.874033
-0.463750,6.914387,6.874033
-0.463548,6.914959,6.874033
-0.463361,6.915442,6.874033
-0.463126,6.916211,6.874033
-0.462942,6.916716,6.874033
-0.462626,6.917103,6.874033
-0.462228,6.917507,6.874033
-0.461978,6.918038,6.874033
-0.461884,6.919233,6.874033
-0.461665,6.919605,6.874033
-0.461279,6.919934,6.874033
-0.460964,6.920763,6.874033
-0.460719,6.921073,6.874033
-0.460327,6.921333,6.874033
-0.459936,6.921999,6.874033
-0.459696,6.922336,6.874033
-0.459449,6.922855,6.874033
-0.459103,6.923344,6.874033
-0.458816,6.923816,6.874033
-0.458494,6.924307,6.874033
-0.458169,6.924736,6.874033
-0.457791,6.925558,6.874033
-0.457642,6.926083,6.874033
-0.457567,6.926924,6.874033
-0.457196,6.927296,6.874033
-0.456942,6.927687,6.874033
-0.456603,6.927976,6.874033
-0.456112,6.928536,6.874033
-0.455898,6.928916,6.874033
-0.455573,6.929460,6.874033
-0.455270,6.929808,6.874033
-0.455056,6.930169,6.874033
-0.454888,6.930740,6.874033
-0.454656,6.931264,6.874033
-0.454404,6.931793,6.874033
-0.454124,6.932199,6.874033
-0.453762,6.932605,6.874033
-0.453467,6.933083,6.874033
-0.453203,6.933861,6.874033
-0.452999,6.934277,6.874033
-0.452682,6.934719,6.874033
-0.452575,6.935815,6.874033
-0.452246,6.936121,6.874033
-0.451897,6.936567,6.874033
-0.451587,6.937175,6.874033
-0.451540,6.937675,6.874033
-0.451052,6.937873,6.874033
-0.450714,6.938261,6.874033
-0.450567,6.939407,6.874033
-0.450261,6.939866,6.874033
-0.450186,6.940378,6.874033
-0.449745,6.940500,6.874033
-0.449577,6.941747,6.874033
-0.449340,6.941799,6.874033
-0.449170,6.942502,6.874033
-0.448776,6.942931,6.874033
-0.448443,6.943231,6.874033
-0.448323,6.944344,6.874033
-0.448179,6.944723,6.874033
-0.447782,6.945015,6.874033
-0.447358,6.945472,6.874033
-0.447110,6.945835,6.874033
-0.446765,6.946230,6.874033
-0.446247,6.946378,6.874033
-0.445849,6.946763,6.874033
-0.445504,6.947159,6.874033
-0.445720,6.948652,6.874033
-0.445301,6.948925,6.874033
-0.444836,6.948891,6.874033
-0.444719,6.949527,6.874033
-0.444400,6.949947,6.874033
-0.444135,6.950878,6.874033
-0.443927,6.951211,6.874033
-0.443558,6.951431,6.874033
-0.443226,6.951867,6.874033
-0.443315,6.952919,6.874033
-0.443036,6.953192,6.874033
-0.442875,6.954316,6.874033
-0.442599,6.954266,6.874033
-0.442155,6.954863,6.874033
-0.441800,6.954953,6.874033
-0.441536,6.955444,6.874033
-0.441296,6.956243,6.874033
-0.440831,6.956538,6.874033
-0.440485,6.956699,6.874033
-0.440031,6.956973,6.874033
-0.439708,6.957443,6.874033
-0.439864,6.958991,6.874033
-0.439690,6.959688,6.874033
-0.439298,6.959794,6.874033
-0.438899,6.960197,6.874033
-0.438545,6.961077,6.874033
-0.438281,6.961221,6.874033
-0.437953,6.961626,6.874033
-0.437717,6.962201,6.874033
-0.437337,6.962557,6.874033
-0.436939,6.962884,6.874033
-0.436551,6.963651,6.874033
-0.436277,6.963991,6.874033
-0.436098,6.964890,6.874033
-0.435670,6.964879,6.874033
-0.435366,6.965632,6.874033
-0.435166,6.965919,6.874033
-0.434889,6.966560,6.874033
-0.434495,6.966799,6.874033
-0.434203,6.967493,6.874033
-0.433912,6.967997,6.874033
-0.433496,6.968101,6.874033
-0.433218,6.968530,6.874033
-0.432871,6.968806,6.874033
-0.432575,6.969745,6.874033
-0.432510,6.970119,6.874033
-0.432006,6.970215,6.874033
-0.431617,6.970479,6.874033
-0.431275,6.970879,6.874033
-0.431071,6.971430,6.874033
-0.430864,6.972072,6.874033
-0.430537,6.972516,6.874033
-0.430300,6.973051,6.874033
-0.429951,6.973498,6.874033
-0.429913,6.974457,6.874033
-0.429946,6.975590,6.874033
-0.429634,6.975885,6.874033
-0.429230,6.976472,6.874033
-0.428957,6.976715,6.874033
-0.428689,6.977179,6.874033
-0.428347,6.977792,6.874033
-0.428002,6.978013,6.874033
-0.427578,6.978259,6.874033
-0.427141,6.978522,6.874033
-0.426940,6.979174,6.874033
-0.426805,6.979934,6.874033
-0.426529,6.980425,6.874033
-0.426197,6.980880,6.874033
-0.425762,6.981146,6.874033
-0.425334,6.981405,6.874033
-0.424889,6.981674,6.874033
-0.424675,6.982304,6.874033
-0.424280,6.982636,6.874033
-0.424088,6.983303,6.874033
-0.423786,6.983749,6.874033
-0.423497,6.984199,6.874033
-0.423195,6.984665,6.874033
-0.422829,6.985045,6.874033
-0.422550,6.985607,6.874033
-0.422724,6.986838,6.874033
-0.422576,6.987501,6.874033
-0.422259,6.987884,6.874033
-0.421961,6.988299,6.874033
-0.421629,6.988696,6.874033
-0.421506,6.989399,6.874033
-0.421252,6.989887,6.874033
-0.420935,6.990289,6.874033
-0.420814,6.990939,6.874033
-0.420492,6.991295,6.874033
-0.420163,6.991620,6.874033
-0.420441,6.993292,6.874033
-0.421212,6.995585,6.874033
-0.421138,6.996138,6.874033
-0.420909,6.996665,6.874033
-0.421116,6.998318,6.874033
-0.421016,6.998827,6.874033
-0.420668,6.999199,6.874033
-0.420580,7.000461,6.874033
-0.420234,7.000932,6.874033
-0.419961,7.001060,6.874033
-0.419660,7.001586,6.874033
-0.419252,7.001897,6.874033
-0.419221,7.002886,6.874033
-0.419368,7.004132,6.874033
-0.419037,7.004607,6.874033
-0.418497,7.005163,6.874033
-0.418180,7.005353,6.874033
-0.417862,7.005601,6.874033
-0.417156,7.005363,6.874033
-0.416712,7.005615,6.874033
-0.416349,7.005980,6.874033
-0.416167,7.006682,6.874033
-0.415902,7.007190,6.874033
-0.415649,7.007756,6.874033
-0.415594,7.008669,6.874033
-0.415496,7.009470,6.874033
-0.415927,7.011144,6.874033
-0.416000,7.012209,6.874033
-0.416014,7.013254,6.874033
-0.415984,7.014207,6.874033
-0.415846,7.015444,6.874033
-0.415584,7.015475,6.874033
-0.415380,7.016064,6.874033
-0.415178,7.016868,6.874033
-0.414786,7.017013,6.874033
-0.414300,7.017273,6.874033
-0.413934,7.017498,6.874033
-0.415420,7.021296,6.874033
-0.416042,7.022842,6.874033
-0.415820,7.023382,6.874033
-0.415558,7.023876,6.874033
-0.415514,7.024787,6.874033
-0.415418,7.025554,6.874033
-0.415225,7.026218,6.874033
-0.414714,7.026398,6.874033
-0.413734,7.025998,6.874033
-0.412365,7.024860,6.874033
-0.412333,7.025289,6.874033
-0.410771,7.023659,6.874033
-0.410264,7.023826,6.874033
-0.409822,7.024061,6.874033
-0.409379,7.024758,6.874033
-0.409125,7.024840,6.874033
-0.408744,7.025234,6.874033
-0.407982,7.025443,6.874033
-0.407429,7.025476,6.874033
-0.407071,7.025870,6.874033
-0.406621,7.025706,6.874033
-0.406122,7.025886,6.874033
-0.405511,7.025862,6.874033
-0.404997,7.025999,6.874033
-0.404559,7.026279,6.874033
-0.404100,7.026468,6.874033
-0.403613,7.026648,6.874033
-0.403176,7.026911,6.874033
-0.402783,7.027149,6.874033
-0.402355,7.027408,6.874033
-0.401919,7.027673,6.874033
-0.401511,7.027983,6.874033
-0.400968,7.028535,6.874033
-0.400702,7.028828,6.874033
-0.400292,7.029116,6.874033
-0.400035,7.029291,6.874033
-0.399643,7.029531,6.874033
-0.399100,7.030043,6.874033
-0.398896,7.030479,6.874033
-0.398504,7.030701,6.874033
-0.398590,7.031652,6.874033
-0.398125,7.031869,6.874033
-0.397832,7.032388,6.874033
-0.397560,7.032672,6.874033
-0.397171,7.033091,6.874033
-0.396825,7.033447,6.874033
-0.396421,7.033763,6.874033
-0.396137,7.034220,6.874033
-0.395849,7.034826,6.874033
-0.395594,7.035177,6.874033
-0.395210,7.035412,6.874033
-0.394712,7.036113,6.874033
-0.394371,7.036399,6.874033
-0.394217,7.037186,6.874033
-0.393834,7.037558,6.874033
-0.393598,7.038056,6.874033
-0.393178,7.038558,6.874033
-0.393032,7.039011,6.874033
-0.392773,7.039414,6.874033
-0.392409,7.039797,6.874033
-0.392098,7.040229,6.874033
-0.391793,7.040942,6.874033
-0.391632,7.041717,6.874033
-0.391523,7.042423,6.874033
-0.391355,7.042880,6.874033
-0.391037,7.043609,6.874033
-0.391018,7.044753,6.874033
-0.390773,7.044869,6.874033
-0.390259,7.045238,6.874033
-0.389879,7.045420,6.874033
-0.389576,7.045807,6.874033
-0.389016,7.046389,6.874033
-0.388784,7.046526,6.874033
-0.388415,7.047133,6.874033
-0.388058,7.047548,6.874033
-0.387759,7.047922,6.874033
-0.387448,7.048546,6.874033
-0.387148,7.048958,6.874033
-0.386906,7.049310,6.874033
-0.386689,7.049685,6.874033
-0.386539,7.050403,6.874033
-0.386242,7.050934,6.874033
-0.385899,7.051352,6.874033
-0.385527,7.051549,6.874033
-0.384939,7.051814,6.874033
-0.384721,7.052013,6.874033
-0.384530,7.052624,6.874033
-0.384263,7.053457,6.874033
-0.383753,7.053561,6.874033
-0.383510,7.053951,6.874033
-0.383235,7.054325,6.874033
-0.382818,7.054718,6.874033
-0.383298,7.056685,6.874033
-0.382916,7.057077,6.874033
-0.382895,7.057718,6.874033
-0.382346,7.058066,6.874033
-0.382411,7.059001,6.874033
-0.382141,7.059461,6.874033
-0.381776,7.060093,6.874033
-0.381472,7.060344,6.874033
-0.381063,7.061020,6.874033
-0.380747,7.061212,6.874033
-0.380309,7.061897,6.874033
-0.380034,7.062330,6.874033
-0.379693,7.062635,6.874033
-0.379362,7.062727,6.874033
-0.379063,7.063505,6.874033
-0.378799,7.063727,6.874033
-0.378458,7.064052,6.874033
-0.378170,7.064926,6.874033
-0.377836,7.065359,6.874033
-0.377543,7.065974,6.874033
-0.377308,7.066493,6.874033
-0.377144,7.066724,6.874033
-0.376846,7.067139,6.874033
-0.376460,7.067699,6.874033
-0.376209,7.067978,6.874033
-0.375906,7.068405,6.874033
-0.375674,7.068967,6.874033
-0.375309,7.069753,6.874033
-0.375078,7.070124,6.874033
-0.374893,7.070610,6.874033
-0.374634,7.070857,6.874033
-0.374269,7.071509,6.874033
-0.373666,7.071536,6.874033
-0.373698,7.072573,6.874033
-0.373379,7.072973,6.874033
-0.373153,7.073506,6.874033
-0.372900,7.073879,6.874033
-0.372610,7.074616,6.874033
-0.372378,7.074928,6.874033
-0.371981,7.075603,6.874033
-0.371624,7.075748,6.874033
-0.371264,7.076330,6.874033
-0.371001,7.076707,6.874033
-0.370469,7.077025,6.874033
-0.370305,7.077777,6.874033
-0.370047,7.078141,6.874033
-0.369644,7.078788,6.874033
-0.369735,7.079689,6.874033
-0.369246,7.079925,6.874033
-0.368766,7.080270,6.874033
-0.368570,7.080931,6.874033
-0.368306,7.081344,6.874033
-0.368107,7.082038,6.874033
-0.367722,7.082367,6.874033
-0.367551,7.082857,6.874033
-0.367368,7.083519,6.874033
-0.367009,7.084296,6.874033
-0.366677,7.084693,6.874033
-0.366472,7.085011,6.874033
-0.366167,7.085453,6.874033
-0.365796,7.085825,6.874033
-0.365545,7.086780,6.874033
-0.365300,7.087262,6.874033
-0.365112,7.087512,6.874033
-0.364654,7.088145,6.874033
-0.364432,7.088280,6.874033
-0.364323,7.089025,6.874033
-0.364065,7.089853,6.874033
-0.363787,7.090263,6.874033
-0.363481,7.090665,6.874033
-0.363238,7.091113,6.874033
-0.363037,7.091513,6.874033
-0.362792,7.092015,6.874033
-0.362462,7.092417,6.874033
-0.362081,7.092773,6.874033
-0.362028,7.093667,6.874033
-0.361744,7.094125,6.874033
-0.361345,7.094779,6.874033
-0.361047,7.095135,6.874033
-0.360761,7.095666,6.874033
-0.360581,7.096179,6.874033
-0.360256,7.096569,6.874033
-0.359942,7.097035,6.874033
-0.359498,7.097518,6.874033
-0.359039,7.097975,6.874033
-0.358695,7.098295,6.874033
-0.358723,7.099228,6.874033
-0.358270,7.099522,6.874033
-0.358128,7.100194,6.874033
-0.357859,7.100503,6.874033
-0.357402,7.101080,6.874033
-0.357261,7.101754,6.874033
-0.357133,7.102564,6.874033
-0.357046,7.103250,6.874033
-0.356837,7.103984,6.874033
-0.356536,7.104202,6.874033
-0.356027,7.104385,6.874033
-0.355932,7.105211,6.874033
-0.355593,7.105655,6.874033
-0.355423,7.106204,6.874033
-0.355376,7.107012,6.874033
-0.355184,7.107891,6.874033
-0.354718,7.108281,6.874033
-0.354685,7.108650,6.874033
-0.354403,7.109149,6.874033
-0.353952,7.109331,6.874033
-0.353859,7.110489,6.874033
-0.353758,7.110919,6.874033
-0.353526,7.111367,6.874033
-0.353221,7.111751,6.874033
-0.352839,7.112046,6.874033
-0.352440,7.112313,6.874033
-0.352042,7.112621,6.874033
-0.351776,7.113186,6.874033
-0.351556,7.113788,6.874033
-0.351348,7.114446,6.874033
-0.350985,7.115024,6.874033
-0.350629,7.115517,6.874033
-0.350470,7.115853,6.874033
-0.350292,7.116582,6.874033
-0.349953,7.117295,6.874033
-0.349655,7.117825,6.874033
-0.349318,7.118311,6.874033
-0.348915,7.118630,6.874033
-0.348471,7.118997,6.874033
-0.348225,7.119381,6.874033
-0.347838,7.120074,6.874033
-0.347626,7.120265,6.874033
-0.347170,7.120766,6.874033
-0.346942,7.121045,6.874033
-0.346317,7.121481,6.874033
-0.346150,7.122016,6.874033
-0.345824,7.122403,6.874033
-0.345346,7.122598,6.874033
-0.345269,7.123724,6.874033
-0.344971,7.124081,6.874033
-0.344687,7.124558,6.874033
-0.344436,7.124801,6.874033
-0.344094,7.125200,6.874033
-0.343582,7.125899,6.874033
-0.343392,7.126337,6.874033
-0.342959,7.126645,6.874033
-0.343078,7.127612,6.874033
-0.342811,7.128253,6.874033
-0.342460,7.128560,6.874033
-0.342124,7.128778,6.874033
-0.341877,7.129470,6.874033
-0.341741,7.130170,6.874033
-0.341332,7.130364,6.874033
-0.341161,7.130872,6.874033
-0.340881,7.131163,6.874033
-0.340512,7.131519,6.874033
-0.340086,7.132301,6.874033
-0.339953,7.132505,6.874033
-0.339524,7.133110,6.874033
-0.339632,7.134039,6.874033
-0.339392,7.134454,6.874033
-0.339095,7.135295,6.874033
-0.338773,7.135458,6.874033
-0.338459,7.135827,6.874033
-0.338195,7.136432,6.874033
-0.337744,7.136961,6.874033
-0.337444,7.137470,6.874033
-0.337235,7.137741,6.874033
-0.336855,7.138059,6.874033
-0.336516,7.138504,6.874033
-0.336166,7.138891,6.874033
-0.335829,7.139318,6.874033
-0.335324,7.139972,6.874033
-0.335249,7.140560,6.874033
-0.334957,7.141157,6.874033
-0.334656,7.141566,6.874033
-0.334303,7.141833,6.874033
-0.333923,7.142228,6.874033
-0.333511,7.142783,6.874033
-0.333350,7.142962,6.874033
-0.333042,7.143823,6.874033
-0.332779,7.144199,6.874033
-0.332608,7.145054,6.874033
-0.332400,7.145308,6.874033
-0.332116,7.145844,6.874033
-0.331699,7.146081,6.874033
-0.331386,7.146453,6.874033
-0.331340,7.147322,6.874033
-0.331123,7.147889,6.874033
-0.330783,7.148274,6.874033
-0.330441,7.148615,6.874033
-0.330075,7.148919,6.874033
-0.329760,7.149248,6.874033
-0.329535,7.149782,6.874033
-0.329345,7.150355,6.874033
-0.329010,7.150710,6.874033
-0.328693,7.151171,6.874033
-0.328384,7.151625,6.874033
-0.327998,7.151953,6.874033
-0.327417,7.152249,6.874033
-0.327410,7.153181,6.874033
-0.326962,7.153599,6.874033
-0.326892,7.154487,6.874033
-0.326645,7.154639,6.874033
-0.326427,7.155301,6.874033
-0.325994,7.155937,6.874033
-0.325565,7.156290,6.874033
-0.325340,7.156575,6.874033
-0.324982,7.156987,6.874033
-0.324557,7.157309,6.874033
-0.324036,7.157954,6.874033
-0.323866,7.158194,6.874033
-0.323374,7.158578,6.874033
-0.322963,7.158922,6.874033
-0.322581,7.159276,6.874033
-0.322633,7.160384,6.874033
-0.321962,7.160299,6.874033
-0.321801,7.160573,6.874033
-0.321325,7.161235,6.874033
-0.320992,7.161284,6.874033
-0.320758,7.161824,6.874033
-0.320476,7.162303,6.874033
-0.320120,7.162662,6.874033
-0.319760,7.163089,6.874033
-0.319289,7.163702,6.874033
-0.318895,7.164169,6.874033
-0.318648,7.164379,6.874033
-0.318526,7.164854,6.874033
-0.318100,7.165134,6.874033
-0.317767,7.165549,6.874033
-0.317492,7.166253,6.874033
-0.317187,7.166502,6.874033
-0.316775,7.166998,6.874033
-0.316472,7.167251,6.874033
-0.316175,7.167552,6.874033
-0.315809,7.167933,6.874033
-0.315397,7.168333,6.874033
-0.315023,7.169008,6.874033
-0.314627,7.169223,6.874033
-0.314408,7.169942,6.874033
-0.314168,7.170086,6.874033
-0.313722,7.170603,6.874033
-0.313487,7.170872,6.874033
-0.313051,7.171118,6.874033
-0.312566,7.171377,6.874033
-0.312157,7.171630,6.874033
-0.311775,7.172368,6.874033
-0.311436,7.172657,6.874033
-0.311133,7.172891,6.874033
-0.310758,7.173468,6.874033
-0.310544,7.174022,6.874033
-0.310231,7.174836,6.874033
-0.309934,7.174752,6.874033
-0.309562,7.175121,6.874033
-0.309169,7.175437,6.874033
-0.308840,7.175897,6.874033
-0.308088,7.176045,6.874033
-0.307814,7.176423,6.874033
-0.307555,7.177191,6.874033
-0.307368,7.177616,6.874033
-0.307085,7.178055,6.874033
-0.306681,7.178199,6.874033
-0.306418,7.178633,6.874033
-0.306130,7.179200,6.874033
-0.305641,7.179357,6.874033
-0.305341,7.179751,6.874033
-0.305092,7.180554,6.874033
-0.304933,7.180909,6.874033
-0.304611,7.181304,6.874033
-0.304218,7.181716,6.874033
-0.303856,7.182411,6.874033
-0.303425,7.182529,6.874033
-0.302978,7.182487,6.874033
-0.302766,7.182833,6.874033
-0.302234,7.183285,6.874033
-0.302022,7.183687,6.874033
-0.301678,7.183796,6.874033
-0.301268,7.184006,6.874033
-0.300801,7.184721,6.874033
-0.300449,7.184970,6.874033
-0.300137,7.185150,6.874033
-0.299839,7.185546,6.874033
-0.299295,7.186017,6.874033
-0.298948,7.186390,6.874033
-0.298592,7.186535,6.874033
-0.298258,7.187046,6.874033
-0.297773,7.187480,6.874033
-0.297342,7.187849,6.874033
-0.296870,7.188227,6.874033
-0.296512,7.188718,6.874033
-0.296211,7.189031,6.874033
-0.295930,7.189281,6.874033
-0.295646,7.189623,6.874033
-0.295084,7.190201,6.874033
-0.294793,7.190184,6.874033
-0.294560,7.190744,6.874033
-0.294053,7.191412,6.874033
-0.293830,7.191546,6.874033
-0.293217,7.192059,6.874033
-0.292990,7.192475,6.874033
-0.292679,7.192984,6.874033
-0.292280,7.193194,6.874033
-0.292020,7.193420,6.874033
-0.291451,7.193543,6.874033
-0.291199,7.194362,6.874033
-0.290918,7.194920,6.874033
-0.290548,7.195274,6.874033
-0.290216,7.195286,6.874033
-0.289826,7.195645,6.874033
-0.289476,7.196033,6.874033
-0.289075,7.196278,6.874033
-0.288610,7.196514,6.874033
-0.288049,7.196476,6.874033
-0.287566,7.196645,6.874033
-0.287173,7.196863,6.874033
-0.286895,7.197349,6.874033
-0.286699,7.198377,6.874033
-0.286336,7.198376,6.874033
-0.285556,7.198632,6.874033
-0.285388,7.198780,6.874033
-0.284913,7.198922,6.874033
-0.284394,7.199049,6.874033
-0.283881,7.199536,6.874033
-0.283592,7.199599,6.874033
-0.283148,7.199868,6.874033
-0.282678,7.200097,6.874033
-0.282259,7.200351,6.874033
-0.281643,7.200742,6.874033
-0.281248,7.201055,6.874033
-0.280872,7.201322,6.874033
-0.280388,7.201682,6.874033
-0.280078,7.201673,6.874033
-0.279507,7.202003,6.874033
-0.279152,7.202266,6.874033
-0.278801,7.202574,6.874033
-0.278350,7.202873,6.874033
-0.277817,7.202919,6.874033
-0.277324,7.203206,6.874033
-0.276839,7.203756,6.874033
-0.276577,7.203768,6.874033
-0.276132,7.204171,6.874033
-0.275402,7.204181,6.874033
-0.275120,7.204603,6.874033
-0.274768,7.204737,6.874033
-0.274491,7.205166,6.874033
-0.273869,7.205432,6.874033
-0.273609,7.205620,6.874033
-0.273114,7.205943,6.874033
-0.272701,7.206245,6.874033
-0.272505,7.206442,6.874033
-0.272049,7.206635,6.874033
-0.271630,7.206890,6.874033
-0.271262,7.207131,6.874033
-0.270870,7.207371,6.874033
-0.270459,7.207620,6.874033
-0.269974,7.207746,6.874033
-0.269591,7.208097,6.874033
-0.269157,7.208366,6.874033
-0.268693,7.208584,6.874033
-0.268258,7.208850,6.874033
-0.267709,7.209160,6.874033
-0.267349,7.209569,6.874033
-0.266572,7.209252,6.874033
-0.266036,7.209467,6.874033
-0.265865,7.210362,6.874033
-0.265487,7.210549,6.874033
-0.265208,7.210744,6.874033
-0.264650,7.211289,6.874033
-0.264351,7.211355,6.874033
-0.263931,7.211647,6.874033
-0.263515,7.211924,6.874033
-0.263027,7.212142,6.874033
-0.262433,7.212494,6.874033
-0.262094,7.212976,6.874033
-0.261767,7.212918,6.874033
-0.261109,7.213087,6.874033
-0.260802,7.213507,6.874033
-0.260546,7.213799,6.874033
-0.260097,7.214080,6.874033
-0.259617,7.214291,6.874033
-0.258987,7.214679,6.874033
-0.258795,7.214864,6.874033
-0.258333,7.215087,6.874033
-0.257890,7.215358,6.874033
-0.257436,7.215632,6.874033
-0.257002,7.215900,6.874033
-0.256533,7.216052,6.874033
-0.256117,7.216293,6.874033
-0.255619,7.216416,6.874033
-0.255150,7.216606,6.874033
-0.254790,7.217055,6.874033
-0.254501,7.217408,6.874033
-0.253650,7.217354,6.874033
-0.253474,7.217527,6.874033
-0.253120,7.217984,6.874033
-0.252751,7.218186,6.874033
-0.252270,7.218338,6.874033
-0.251825,7.218549,6.874033
-0.251276,7.218608,6.874033
-0.250881,7.219286,6.874033
-0.250586,7.219418,6.874033
-0.250022,7.219394,6.874033
-0.249602,7.219647,6.874033
-0.249158,7.219918,6.874033
-0.248558,7.220123,6.874033
-0.248061,7.220345,6.874033
-0.247765,7.220552,6.874033
-0.247217,7.220882,6.874033
-0.246860,7.221104,6.874033
-0.246400,7.221252,6.874033
-0.245937,7.221741,6.874033
-0.245114,7.221407,6.874033
-0.244655,7.221749,6.874033
-0.244376,7.221945,6.874033
-0.243665,7.222046,6.874033
-0.243429,7.222331,6.874033
-0.242907,7.222435,6.874033
-0.242497,7.222684,6.874033
-0.242059,7.222946,6.874033
-0.241595,7.223125,6.874033
-0.240902,7.223121,6.874033
-0.240610,7.223392,6.874033
-0.239973,7.223690,6.874033
-0.239545,7.223833,6.874033
-0.239109,7.224001,6.874033
-0.238805,7.224291,6.874033
-0.238410,7.224526,6.874033
-0.237950,7.224694,6.874033
-0.237498,7.224894,6.874033
-0.236861,7.225077,6.874033
-0.236392,7.225287,6.874033
-0.235940,7.225469,6.874033
-0.235778,7.225799,6.874033
-0.235135,7.225761,6.874033
-0.234782,7.225931,6.874033
-0.234304,7.226280,6.874033
-0.233451,7.226089,6.874033
-0.233067,7.226286,6.874033
-0.232725,7.226454,6.874033
-0.232340,7.226726,6.874033
-0.231880,7.226970,6.874033
-0.231308,7.227029,6.874033
-0.230897,7.227297,6.874033
-0.230496,7.227619,6.874033
-0.229886,7.227617,6.874033
-0.229457,7.227912,6.874033
-0.228780,7.227990,6.874033
-0.228164,7.228210,6.874033
-0.227817,7.228582,6.874033
-0.227446,7.228568,6.874033
-0.227021,7.228832,6.874033
-0.226503,7.229039,6.874033
-0.226010,7.229133,6.874033
-0.225526,7.229278,6.874033
-0.225055,7.229486,6.874033
-0.224357,7.229588,6.874033
-0.223742,7.229808,6.874033
-0.223557,7.229986,6.874033
-0.223110,7.230252,6.874033
-0.222609,7.230448,6.874033
-0.221963,7.230713,6.874033
-0.221480,7.230610,6.874033
-0.220871,7.230783,6.874033
-0.220220,7.230944,6.874033
-0.220050,7.231165,6.874033
-0.219559,7.231339,6.874033
-0.219144,7.231562,6.874033
-0.218633,7.231587,6.874033
-0.217933,7.231744,6.874033
-0.217641,7.231840,6.874033
-0.217252,7.232106,6.874033
-0.216461,7.232170,6.874033
-0.216313,7.232409,6.874033
-0.215821,7.232504,6.874033
-0.215384,7.232652,6.874033
-0.214905,7.232807,6.874033
-0.214399,7.232955,6.874033
-0.213926,7.233120,6.874033
-0.213437,7.233298,6.874033
-0.212935,7.233454,6.874033
-0.212468,7.233590,6.874033
-0.211947,7.233735,6.874033
-0.211457,7.233871,6.874033
-0.210946,7.234012,6.874033
-0.210436,7.234174,6.874033
-0.209895,7.234284,6.874033
-0.209398,7.234430,6.874033
-0.208918,7.234564,6.874033
-0.208408,7.234707,6.874033
-0.207846,7.234802,6.874033
-0.207019,7.234808,6.874033
-0.206743,7.234912,6.874033
-0.206217,7.235048,6.874033
-0.205840,7.235409,6.874033
-0.205055,7.235349,6.874033
-0.204815,7.235648,6.874033
-0.204025,7.235540,6.874033
-0.203509,7.235712,6.874033
-0.203115,7.235987,6.874033
-0.202654,7.235902,6.874033
-0.202187,7.236078,6.874033
-0.201326,7.236124,6.874033
-0.201196,7.236410,6.874033
-0.200587,7.236430,6.874033
-0.200058,7.236540,6.874033
-0.199321,7.236578,6.874033
-0.199052,7.236732,6.874033
-0.198675,7.237056,6.874033
-0.198069,7.237001,6.874033
-0.197180,7.236981,6.874033
-0.197088,7.237253,6.874033
-0.196542,7.237297,6.874033
-0.196041,7.237321,6.874033
-0.195608,7.237493,6.874033
-0.195137,7.237623,6.874033
-0.194650,7.237728,6.874033
-0.194116,7.237810,6.874033
-0.193581,7.237912,6.874033
-0.193081,7.238013,6.874033
-0.192540,7.238105,6.874033
-0.192011,7.238196,6.874033
-0.191462,7.238275,6.874033
-0.190919,7.238364,6.874033
-0.190377,7.238454,6.874033
-0.189801,7.238546,6.874033
-0.189252,7.238624,6.874033
-0.188327,7.238487,6.874033
-0.188017,7.238593,6.874033
-0.187402,7.238659,6.874033
-0.186881,7.238765,6.874033
-0.186375,7.238951,6.874033
-0.185793,7.239014,6.874033
-0.185251,7.239085,6.874033
-0.184744,7.239214,6.874033
-0.184211,7.239319,6.874033
-0.183716,7.239486,6.874033
-0.183139,7.239576,6.874033
-0.182645,7.239687,6.874033
-0.182051,7.239710,6.874033
-0.181528,7.239850,6.874033
-0.180944,7.239852,6.874033
-0.180429,7.239986,6.874033
-0.179868,7.240006,6.874033
-0.179342,7.240142,6.874033
-0.178745,7.240141,6.874033
-0.178232,7.240259,6.874033
-0.177663,7.240247,6.874033
-0.177169,7.240320,6.874033
-0.176251,7.240196,6.874033
-0.175980,7.240249,6.874033
-0.175499,7.240362,6.874033
-0.174871,7.240273,6.874033
-0.174508,7.240600,6.874033
-0.173697,7.240420,6.874033
-0.173377,7.240529,6.874033
-0.172860,7.240640,6.874033
-0.172287,7.240679,6.874033
-0.171755,7.240767,6.874033
-0.171202,7.240818,6.874033
-0.170513,7.240704,6.874033
-0.170005,7.240793,6.874033
-0.169451,7.240863,6.874033
-0.168828,7.240781,6.874033
-0.168318,7.240885,6.874033
-0.167663,7.240827,6.874033
-0.167065,7.240825,6.874033
-0.166482,7.240809,6.874033
-0.165952,7.240880,6.874033
-0.165317,7.240817,6.874033
-0.164706,7.240811,6.874033
-0.164157,7.240852,6.874033
-0.158112,7.241360,6.874023
-0.157425,7.241297,6.874023
-0.157219,7.241270,6.874023
-0.156459,7.241500,6.874023
-0.155674,7.241484,6.874023
-0.155311,7.241542,6.874023
-0.154730,7.241478,6.874023
-0.154078,7.241512,6.874023
-0.153499,7.241464,6.874023
-0.152945,7.241354,6.874023
-0.152330,7.241424,6.874023
-0.151700,7.241440,6.874023
-0.151129,7.241398,6.874023
-0.150543,7.241343,6.874023
-0.149958,7.241342,6.874023
-0.149364,7.241339,6.874023
-0.148799,7.241326,6.874023
-0.148275,7.241264,6.874023
-0.147708,7.241235,6.874023
-0.147100,7.241233,6.874023
-0.146507,7.241209,6.874023
-0.145936,7.241166,6.874023
-0.145378,7.241103,6.874023
-0.144787,7.241074,6.874023
-0.144203,7.241053,6.874023
-0.143603,7.241060,6.874023
-0.142725,7.241157,6.874023
-0.142506,7.240881,6.874023
-0.141773,7.241087,6.874023
-0.141191,7.241064,6.874023
-0.140673,7.240973,6.874023
-0.140194,7.240876,6.874023
-0.139227,7.240907,6.874023
-0.139144,7.240678,6.874023
-0.138525,7.240792,6.874023
-0.137978,7.240768,6.874023
-0.137458,7.240720,6.874023
-0.136959,7.240596,6.874023
-0.136099,7.240608,6.874023
-0.135881,7.240543,6.874023
-0.135351,7.240451,6.874023
-0.134781,7.240428,6.874023
-0.134206,7.240449,6.874023
-0.133678,7.240317,6.874023
-0.133186,7.240204,6.874023
-0.132358,7.240296,6.874023
-0.132115,7.239982,6.874023
-0.131494,7.240139,6.874023
-0.130896,7.240064,6.874023
-0.130331,7.239993,6.874023
-0.129840,7.239838,6.874023
-0.128876,7.239961,6.874023
-0.128693,7.239742,6.874023
-0.128081,7.239730,6.874023
-0.127524,7.239664,6.874023
-0.127020,7.239511,6.874023
-0.126491,7.239381,6.874023
-0.125946,7.239296,6.874023
-0.125388,7.239233,6.874023
-0.124849,7.239138,6.874023
-0.124329,7.239031,6.874023
-0.123746,7.239028,6.874023
-0.123234,7.238908,6.874023
-0.122710,7.238828,6.874023
-0.122211,7.238744,6.874023
-0.121692,7.238635,6.874023
-0.121104,7.238621,6.874023
-0.120585,7.238474,6.874023
-0.120025,7.238414,6.874023
-0.119545,7.238278,6.874023
-0.119071,7.238173,6.874023
-0.118546,7.238114,6.874023
-0.118044,7.237997,6.874023
-0.117529,7.237939,6.874023
-0.117015,7.237822,6.874023
-0.116518,7.237736,6.874023
-0.116038,7.237659,6.874023
-0.115578,7.237511,6.874023
-0.115067,7.237448,6.874023
-0.114582,7.237322,6.874023
-0.114048,7.237218,6.874023
-0.113486,7.237141,6.874023
-0.112618,7.237126,6.874023
-0.112173,7.237050,6.874023
-0.111911,7.236730,6.874023
-0.111304,7.236824,6.874023
-0.110780,7.236725,6.874023
-0.109999,7.236585,6.874023
-0.109791,7.236311,6.874023
-0.109192,7.236296,6.874023
-0.108730,7.236113,6.874023
-0.108155,7.236020,6.874023
-0.107407,7.235959,6.874023
-0.106769,7.235816,6.874023
-0.106624,7.235555,6.874023
-0.106000,7.235561,6.874023
-0.105576,7.235353,6.874023
-0.105050,7.235275,6.874023
-0.104501,7.235198,6.874023
-0.103657,7.235104,6.874023
-0.103514,7.234800,6.874023
-0.102792,7.234776,6.874023
-0.102387,7.234671,6.874023
-0.101918,7.234480,6.874023
-0.101426,7.234290,6.874023
-0.100894,7.234202,6.874023
-0.100104,7.234078,6.874023
-0.099495,7.233944,6.874023
-0.099411,7.233658,6.874023
-0.098812,7.233681,6.874023
-0.098315,7.233556,6.874023
-0.097898,7.233376,6.874023
-0.097443,7.233200,6.874023
-0.096914,7.233108,6.874023
-0.096231,7.232943,6.874023
-0.095989,7.232782,6.874023
-0.095519,7.232671,6.874023
-0.095088,7.232474,6.874023
-0.094617,7.232364,6.874023
-0.094093,7.232302,6.874023
-0.093604,7.232106,6.874023
-0.093148,7.231912,6.874023
-0.092656,7.231760,6.874023
-0.092152,7.231587,6.874023
-0.091687,7.231428,6.874023
-0.091201,7.231228,6.874023
-0.090727,7.231083,6.874023
-0.090232,7.230916,6.874023
-0.089697,7.230757,6.874023
-0.089192,7.230587,6.874023
-0.088708,7.230421,6.874023
-0.088225,7.230253,6.874023
-0.087729,7.230106,6.874023
-0.087218,7.229926,6.874023
-0.086739,7.229753,6.874023
-0.086243,7.229586,6.874023
-0.085754,7.229409,6.874023
-0.085237,7.229278,6.874023
-0.084698,7.229203,6.874023
-0.084108,7.228903,6.874023
-0.083717,7.228776,6.874023
-0.083287,7.228636,6.874023
-0.082833,7.228402,6.874023
-0.082331,7.228264,6.874023
-0.081908,7.228057,6.874023
-0.081152,7.227894,6.874023
-0.080590,7.227722,6.874023
-0.080422,7.227555,6.874023
-0.079946,7.227338,6.874023
-0.079517,7.227138,6.874023
-0.078771,7.226960,6.874023
-0.078393,7.226794,6.874023
-0.077793,7.226626,6.874023
-0.077659,7.226480,6.874023
-0.077203,7.226306,6.874023
-0.076728,7.226125,6.874023
-0.076343,7.225893,6.874023
-0.075663,7.225761,6.874023
-0.075181,7.225590,6.874023
-0.075037,7.225345,6.874023
-0.074423,7.225201,6.874023
-0.073878,7.224981,6.874023
-0.073290,7.224774,6.874023
-0.073143,7.224555,6.874023
-0.072670,7.224370,6.874023
-0.072197,7.224166,6.874023
-0.071713,7.224018,6.874023
-0.071223,7.223825,6.874023
-0.070769,7.223551,6.874023
-0.070053,7.223343,6.874023
-0.069461,7.223163,6.874023
-0.069315,7.222804,6.874023
-0.068850,7.222703,6.874023
-0.068346,7.222494,6.874023
-0.067873,7.222271,6.874023
-0.067352,7.222127,6.874023
-0.066887,7.221910,6.874023
-0.066417,7.221702,6.874023
-0.065806,7.221205,6.874023
-0.065496,7.221156,6.874023
-0.064828,7.220966,6.874023
-0.064656,7.220653,6.874023
-0.064117,7.220539,6.874023
-0.063640,7.220321,6.874023
-0.063217,7.220056,6.874023
-0.062790,7.219795,6.874023
-0.062257,7.219710,6.874023
-0.061895,7.219304,6.874023
-0.061243,7.219164,6.874023
-0.060954,7.218907,6.874023
-0.060544,7.218658,6.874023
-0.060070,7.218552,6.874023
-0.059655,7.218311,6.874023
-0.059310,7.217935,6.874023
-0.058758,7.217900,6.874023
-0.058392,7.217559,6.874023
-0.057991,7.217313,6.874023
-0.057567,7.217067,6.874023
-0.057183,7.216833,6.874023
-0.056755,7.216574,6.874023
-0.056310,7.216305,6.874023
-0.055883,7.216045,6.874023
-0.055435,7.215801,6.874023
-0.054985,7.215542,6.874023
-0.054575,7.215293,6.874023
-0.054129,7.215024,6.874023
-0.053624,7.214951,6.874023
-0.053269,7.214553,6.874023
-0.052783,7.214351,6.874023
-0.052339,7.214081,6.874023
-0.051911,7.213822,6.874023
-0.051501,7.213572,6.874023
-0.051065,7.213307,6.874023
-0.050629,7.213043,6.874023
-0.050202,7.212783,6.874023
-0.049668,7.212699,6.874023
-0.049284,7.212349,6.874023
-0.048864,7.212096,6.874023
-0.048454,7.211847,6.874023
-0.048019,7.211581,6.874023
-0.047573,7.211313,6.874023
-0.047163,7.211064,6.874023
-0.046735,7.210806,6.874023
-0.046316,7.210551,6.874023
-0.045914,7.210308,6.874023
-0.045483,7.210035,6.874023
-0.045039,7.209764,6.874023
-0.044581,7.209498,6.874023
-0.044145,7.209233,6.874023
-0.043726,7.208979,6.874023
-0.043323,7.208737,6.874023
-0.042919,7.208477,6.874023
-0.042486,7.208227,6.874023
-0.042076,7.207978,6.874023
-0.041666,7.207729,6.874023
-0.041255,7.207480,6.874023
-0.040879,7.207251,6.874023
-0.040485,7.207014,6.874023
-0.040097,7.206766,6.874023
-0.039682,7.206525,6.874023
-0.039263,7.206272,6.874023
-0.038827,7.206006,6.874023
-0.038417,7.205757,6.874023
-0.038090,7.205312,6.874023
-0.037681,7.205042,6.874023
-0.037254,7.204782,6.874023
-0.036818,7.204517,6.874023
-0.036373,7.204248,6.874023
-0.035929,7.203978,6.874023
-0.035476,7.203703,6.874023
-0.035048,7.203445,6.874023
-0.034617,7.203114,6.874023
-0.034162,7.202823,6.874023
-0.033739,7.202479,6.874023
-0.033322,7.202164,6.874023
-0.032869,7.201888,6.874023
-0.032442,7.201628,6.874023
-0.032020,7.201091,6.874023
-0.031526,7.200671,6.874023
-0.031345,7.200526,6.874023
-0.030532,7.200245,6.874023
-0.030433,7.199986,6.874023
-0.029984,7.199820,6.874023
-0.029669,7.199354,6.874023
-0.029243,7.199093,6.874023
-0.028816,7.198833,6.874023
-0.028393,7.198566,6.874023
-0.027978,7.198055,6.874023
-0.027466,7.197607,6.874023
-0.027146,7.197633,6.874023
-0.026823,7.197259,6.874023
-0.026422,7.197015,6.874023
-0.026054,7.196658,6.874023
-0.025554,7.196517,6.874023
-0.025310,7.196014,6.874023
-0.024881,7.195757,6.874023
-0.024435,7.195182,6.874023
-0.024148,7.195018,6.874023
-0.023869,7.194668,6.874023
-0.023508,7.194261,6.874023
-0.023108,7.193918,6.874023
-0.022609,7.193545,6.874023
-0.022127,7.193145,6.874023
-0.021762,7.192898,6.874023
-0.021326,7.192575,6.874023
-0.020880,7.192211,6.874023
-0.020681,7.192115,6.874023
-0.020193,7.192013,6.874023
-0.019743,7.191771,6.874023
-0.019324,7.191499,6.874023
-0.018789,7.191089,6.874023
-0.018404,7.190759,6.874023
-0.017851,7.190707,6.874023
-0.017805,7.189915,6.874023
-0.017332,7.189538,6.874023
-0.017047,7.189429,6.874023
-0.016698,7.188809,6.874023
-0.016170,7.188599,6.874023
-0.015963,7.188343,6.874023
-0.015562,7.188021,6.874023
-0.015001,7.187539,6.874023
-0.014827,7.186900,6.874023
-0.014260,7.186812,6.874023
-0.014322,7.185592,6.874023
-0.013617,7.186368,6.874023
-0.013291,7.185519,6.874023
-0.012742,7.185459,6.874023
-0.012543,7.185150,6.874023
-0.012076,7.184724,6.874023
-0.011754,7.184581,6.874023
-0.011525,7.184168,6.874023
-0.011141,7.183837,6.874023
-0.010642,7.183561,6.874023
-0.010447,7.183130,6.874023
-0.010072,7.182862,6.874023
-0.009704,7.182524,6.874023
-0.009368,7.182211,6.874023
-0.008841,7.181633,6.874023
-0.008579,7.181331,6.874023
-0.008341,7.180896,6.874023
-0.007926,7.180441,6.874023
-0.007844,7.180134,6.874023
-0.007154,7.179671,6.874023
-0.006804,7.179381,6.874023
-0.006402,7.179117,6.874023
-0.006238,7.178847,6.874023
-0.005783,7.178614,6.874023
-0.005378,7.177836,6.874023
-0.004848,7.177534,6.874023
-0.004556,7.177206,6.874023
-0.004328,7.176983,6.874023
-0.003950,7.176584,6.874023
-0.003338,7.175955,6.874023
-0.003034,7.175607,6.874023
-0.002655,7.175404,6.874023
-0.002206,7.174871,6.874023
-0.002011,7.174499,6.874023
-0.001704,7.174118,6.874023
-0.001261,7.173537,6.874023
-0.001148,7.173318,6.874023
-0.000705,7.173045,6.874023
-0.000288,7.172789,6.874023
0.000243,7.172123,6.874023
0.000575,7.171899,6.874023
0.000976,7.171636,6.874023
0.001342,7.171063,6.874023
0.001502,7.170747,6.874023
0.001959,7.170576,6.874023
0.002205,7.170017,6.874023
0.002643,7.169312,6.874023
0.002975,7.169011,6.874023
0.003301,7.168584,6.874023
0.003548,7.168453,6.874023
0.003914,7.168033,6.874023
0.004218,7.167610,6.874023
0.004690,7.166865,6.874023
0.004950,7.166926,6.874023
0.005167,7.166358,6.874023
0.005479,7.165967,6.874023
0.005871,7.165649,6.874023
0.006208,7.165221,6.874023
0.006532,7.164811,6.874023
0.006901,7.164455,6.874023
0.007253,7.164034,6.874023
0.007572,7.163633,6.874023
0.007937,7.163252,6.874023
0.008285,7.162899,6.874023
0.008633,7.162548,6.874023
0.008928,7.161993,6.874023
0.009262,7.161580,6.874023
0.009629,7.161221,6.874023
0.010032,7.160671,6.874023
0.010370,7.160225,6.874023
0.010595,7.159421,6.874023
0.011012,7.159143,6.874023
0.011230,7.158887,6.874023
0.011469,7.158354,6.874023
0.011871,7.157957,6.874023
0.012114,7.157413,6.874023
0.012478,7.157009,6.874023
0.013160,7.156882,6.874023
0.013247,7.156003,6.874023
0.013760,7.155768,6.874023
0.013989,7.155568,6.874023
0.014313,7.154734,6.874023
0.014338,7.154157,6.874023
0.014992,7.154001,6.874023
0.015195,7.153411,6.874023
0.015636,7.153039,6.874023
0.015865,7.152568,6.874023
0.016080,7.152441,6.874023
0.016400,7.152004,6.874023
0.016865,7.151402,6.874023
0.016996,7.151059,6.874023
0.017265,7.150674,6.874023
0.017603,7.150266,6.874023
0.017840,7.149789,6.874023
0.018290,7.149355,6.874023
0.018596,7.149107,6.874023
0.018981,7.148682,6.874023
0.019010,7.147785,6.874023
0.019409,7.147344,6.874023
0.020040,7.147419,6.874023
0.020368,7.146939,6.874023
0.020330,7.145892,6.874023
0.020743,7.145938,6.874023
0.021169,7.145463,6.874023
0.021384,7.145085,6.874023
0.021703,7.144185,6.874023
0.021944,7.144004,6.874023
0.022200,7.143443,6.874023
0.022539,7.142922,6.874023
0.022800,7.142407,6.874023
0.023183,7.142036,6.874023
0.023549,7.141675,6.874023
0.023955,7.140918,6.874023
0.024127,7.140680,6.874023
0.024499,7.140407,6.874023
0.024886,7.139676,6.874023
0.025267,7.139379,6.874023
0.025165,7.138286,6.874023
0.025645,7.138171,6.874023
0.025948,7.137436,6.874023
0.026317,7.137196,6.874023
0.026589,7.136951,6.874023
0.026805,7.135938,6.874023
0.027259,7.135741,6.874023
0.027525,7.135485,6.874023
0.027933,7.135195,6.874023
0.028355,7.134444,6.874023
0.028502,7.134146,6.874023
0.028920,7.133640,6.874023
0.029457,7.133676,6.874023
0.029239,7.132546,6.874023
0.029792,7.132418,6.874023
0.030435,7.132320,6.874023
0.030300,7.131308,6.874023
0.030195,7.130498,6.874023
0.030909,7.130267,6.874023
0.031148,7.130199,6.874023
0.031379,7.129673,6.874023
0.031711,7.129276,6.874023
0.032004,7.128814,6.874023
0.032094,7.127960,6.874023
0.032470,7.127423,6.874023
0.033129,7.127294,6.874023
0.033525,7.127061,6.874023
0.033771,7.126695,6.874023
0.034193,7.126368,6.874023
0.034168,7.125287,6.874023
0.034507,7.124785,6.874023
0.034678,7.124393,6.874023
0.035062,7.124120,6.874023
0.035378,7.123580,6.874023
0.035741,7.122694,6.874023
0.035973,7.122497,6.874023
0.036322,7.122147,6.874023
0.036762,7.121466,6.874023
0.036963,7.120949,6.874023
0.037088,7.120422,6.874023
0.037357,7.119979,6.874023
0.037723,7.119599,6.874023
0.038084,7.119230,6.874023
0.038372,7.118759,6.874023
0.038661,7.118310,6.874023
0.039026,7.117949,6.874023
0.039280,7.117385,6.874023
0.039615,7.116915,6.874023
0.039958,7.116516,6.874023
0.040265,7.116097,6.874023
0.040510,7.115324,6.874023
0.040766,7.115034,6.874023
0.041353,7.114806,6.874023
0.041217,7.113732,6.874023
0.041594,7.113333,6.874023
0.041937,7.112992,6.874023
0.042168,7.112698,6.874023
0.042528,7.112500,6.874023
0.042779,7.111487,6.874023
0.042979,7.111393,6.874023
0.043284,7.110894,6.874023
0.043633,7.110467,6.874023
0.043927,7.109988,6.874023
0.044279,7.109545,6.874023
0.044520,7.108998,6.874023
0.044877,7.108584,6.874023
0.045150,7.108089,6.874023
0.045418,7.107548,6.874023
0.045758,7.107105,6.874023
0.046002,7.106505,6.874023
0.046343,7.106103,6.874023
0.046731,7.105721,6.874023
0.046964,7.105104,6.874023
0.047319,7.104685,6.874023
0.047590,7.104149,6.874023
0.048136,7.103757,6.874023
0.047838,7.102360,6.874023
0.048308,7.102133,6.874023
0.048832,7.101935,6.874023
0.049051,7.101546,6.874023
0.049400,7.101253,6.874023
0.049683,7.100737,6.874023
0.050233,7.100062,6.874023
0.050224,7.099623,6.874023
0.050559,7.098922,6.874023
0.050802,7.098571,6.874023
0.051155,7.098266,6.874023
0.051532,7.097827,6.874023
0.052187,7.097635,6.874023
0.052050,7.096483,6.874023
0.052349,7.096031,6.874023
0.052790,7.095697,6.874023
0.053064,7.095011,6.874023
0.053248,7.094660,6.874023
0.053442,7.094401,6.874023
0.053651,7.093859,6.874023
0.054048,7.093183,6.874023
0.054300,7.093000,6.874023
0.054519,7.092437,6.874023
0.054829,7.092137,6.874023
0.055582,7.092125,6.874023
0.055200,7.090474,6.874023
0.055766,7.090540,6.874023
0.055955,7.090080,6.874023
0.056324,7.089802,6.874023
0.056761,7.089192,6.874023
0.056917,7.088543,6.874023
0.057247,7.087852,6.874023
0.057474,7.087552,6.874023
0.057822,7.087317,6.874023
0.058224,7.086551,6.874023
0.058506,7.086303,6.874023
0.058806,7.085642,6.874023
0.059032,7.085012,6.874023
0.059299,7.084371,6.874023
0.059538,7.084034,6.874023
0.059723,7.083548,6.874023
0.060071,7.083255,6.874023
0.060365,7.082777,6.874023
0.060736,7.082367,6.874023
0.061102,7.082006,6.874023
0.061362,7.081489,6.874023
0.061659,7.080475,6.874023
0.061976,7.080303,6.874023
0.062294,7.079864,6.874023
0.062478,7.079492,6.874023
0.062851,7.079183,6.874023
0.063230,7.078747,6.874023
0.063607,7.078345,6.874023
0.063810,7.077793,6.874023
0.064072,7.077299,6.874023
0.064424,7.076897,6.874023
0.064621,7.076317,6.874023
0.064944,7.075903,6.874023
0.065247,7.075246,6.874023
0.065505,7.074882,6.874023
0.065759,7.074528,6.874023
0.066413,7.074469,6.874023
0.066190,7.073003,6.874023
0.066681,7.072771,6.874023
0.066855,7.072557,6.874023
0.067242,7.072249,6.874023
0.067504,7.071390,6.874023
0.067743,7.071109,6.874023
0.067973,7.070543,6.874023
0.068298,7.070116,6.874023
0.068620,7.069664,6.874023
0.069098,7.069063,6.874023
0.069398,7.068478,6.874023
0.069686,7.068066,6.874023
0.069897,7.067720,6.874023
0.070254,7.067015,6.874023
0.070689,7.066596,6.874023
0.071147,7.066272,6.874023
0.071059,7.065239,6.874023
0.071519,7.065072,6.874023
0.071756,7.064499,6.874023
0.071982,7.064255,6.874023
0.072321,7.063791,6.874023
0.072530,7.063133,6.874023
0.072880,7.062708,6.874023
0.073179,7.062237,6.874023
0.073544,7.061836,6.874023
0.073934,7.061206,6.874023
0.074178,7.060625,6.874023
0.074424,7.059970,6.874023
0.074710,7.059652,6.874023
0.074966,7.059263,6.874023
0.075285,7.058788,6.874023
0.075898,7.058487,6.874023
0.075769,7.057348,6.874023
0.076185,7.057360,6.874023
0.076589,7.056656,6.874023
0.076763,7.056442,6.874023
0.076944,7.055911,6.874023
0.077388,7.055661,6.874023
0.077654,7.054806,6.874023
0.077986,7.054449,6.874023
0.078302,7.054159,6.874023
0.078486,7.053826,6.874023
0.078588,7.053069,6.874023
0.078960,7.052700,6.874023
0.079445,7.052014,6.874023
0.079604,7.051736,6.874023
0.079907,7.051407,6.874023
0.080139,7.050788,6.874023
0.080469,7.050406,6.874023
0.080872,7.049681,6.874023
0.081061,7.049377,6.874023
0.081539,7.048854,6.874023
0.081767,7.048535,6.874023
0.082116,7.048011,6.874023
0.082429,7.047429,6.874023
0.082768,7.047043,6.874023
0.082741,7.046092,6.874023
0.083229,7.045759,6.874023
0.083464,7.045530,6.874023
0.083737,7.044706,6.874023
0.084006,7.044533,6.874023
0.084313,7.044057,6.874023
0.084586,7.043523,6.874023
0.084905,7.043085,6.874023
0.085234,7.042664,6.874023
0.085580,7.042270,6.874023
0.085832,7.041759,6.874023
0.086202,7.041077,6.874023
0.086412,7.040305,6.874023
0.086633,7.040091,6.874023
0.087007,7.039705,6.874023
0.087253,7.039206,6.874023
0.087589,7.038853,6.874023
0.087899,7.037976,6.874023
0.088252,7.037556,6.874023
0.088373,7.037214,6.874023
0.088674,7.036921,6.874023
0.088935,7.036406,6.874023
0.089237,7.036055,6.874023
0.089461,7.035539,6.874023
0.089767,7.035156,6.874023
0.090089,7.034760,6.874023
0.090355,7.034235,6.874023
0.090663,7.033779,6.874023
0.090874,7.033182,6.874023
0.091236,7.032430,6.874023
0.091523,7.032092,6.874023
0.091891,7.031581,6.874023
0.092106,7.031300,6.874023
0.092447,7.030860,6.874023
0.092697,7.029767,6.874023
0.092987,7.029744,6.874023
0.093334,7.029294,6.874023
0.093571,7.028259,6.874023
0.093832,7.028072,6.874023
0.094231,7.027708,6.874023
0.094573,7.027269,6.874023
0.094934,7.026861,6.874023
0.095248,7.026455,6.874023
0.095613,7.025995,6.874023
0.095974,7.025549,6.874023
0.096194,7.025005,6.874023
0.096448,7.024461,6.874023
0.096934,7.024123,6.874023
0.097096,7.023273,6.874023
0.097524,7.022938,6.874023
0.097296,7.021965,6.874023
0.097787,7.021540,6.874023
0.098357,7.021573,6.874023
0.098532,7.020762,6.874023
0.098853,7.020521,6.874023
0.099028,7.019921,6.874023
0.099506,7.019554,6.874023
0.099752,7.019188,6.874023
0.099806,7.018390,6.874023
0.100304,7.017861,6.874023
0.100521,7.017582,6.874023
0.100710,7.016853,6.874023
0.101032,7.016170,6.874023
0.101436,7.015852,6.874023
0.101504,7.015443,6.874023
0.101826,7.014894,6.874023
0.102151,7.014447,6.874023
0.102456,7.013928,6.874023
0.102682,7.013395,6.874023
0.103013,7.013150,6.874023
0.103219,7.012583,6.874023
0.103537,7.012124,6.874023
0.103867,7.011742,6.874023
0.104160,7.011262,6.874023
0.104465,7.010763,6.874023
0.104813,7.010372,6.874023
0.105059,7.009814,6.874023
0.105383,7.009421,6.874023
0.105656,7.008870,6.874023
0.105864,7.008230,6.874023
0.106189,7.007781,6.874023
0.106556,7.007423,6.874023
0.106901,7.007028,6.874023
0.107201,7.006520,6.874023
0.107508,7.005714,6.874023
0.107701,7.005358,6.874023
0.107996,7.004476,6.874023
0.108134,7.004106,6.874023
0.108460,7.003698,6.874023
0.108762,7.003213,6.874023
0.109108,7.002857,6.874023
0.109494,7.002531,6.874023
0.109759,7.001984,6.874023
0.110136,7.001582,6.874023
0.110419,7.001086,6.874023
0.110677,7.000605,6.874023
0.110827,6.999965,6.874023
0.111209,6.999669,6.874023
0.111668,6.999230,6.874023
0.111800,6.998523,6.874023
0.112104,6.998349,6.874023
0.112299,6.997764,6.874023
0.112574,6.997388,6.874023
0.112849,6.996974,6.874023
0.113100,6.996501,6.874023
0.113505,6.995954,6.874023
0.113587,6.995415,6.874023
0.113964,6.995092,6.874023
0.114227,6.994581,6.874023
0.114476,6.993988,6.874023
0.114898,6.993239,6.874023
0.115218,6.992976,6.874023
0.115488,6.992687,6.874023
0.115828,6.991937,6.874023
0.116142,6.991529,6.874023
0.116400,6.990952,6.874023
0.116617,6.990520,6.874023
0.116978,6.990113,6.874023
0.117341,6.989438,6.874023
0.117711,6.989161,6.874023
0.117850,6.988581,6.874023
0.118186,6.988113,6.874023
0.118593,6.987433,6.874023
0.118770,6.987186,6.874023
0.119137,6.986827,6.874023
0.119338,6.986156,6.874023
0.119775,6.985855,6.874023
0.119951,6.985219,6.874023
0.120254,6.984736,6.874023
0.120457,6.984087,6.874023
0.120760,6.983602,6.874023
0.121221,6.983052,6.874023
0.121533,6.982679,6.874023
0.121968,6.982104,6.874023
0.122138,6.981633,6.874023
0.122410,6.981348,6.874023
0.122588,6.980716,6.874023
0.122924,6.980365,6.874023
0.123224,6.979876,6.874023
0.123503,6.979390,6.874023
0.123779,6.978902,6.874023
0.124103,6.978491,6.874023
0.124431,6.977682,6.874023
0.124691,6.977610,6.874023
0.124894,6.977056,6.874023
0.125235,6.976655,6.874023
0.125490,6.976093,6.874023
0.125921,6.975569,6.874023
0.126463,6.975344,6.874023
0.126462,6.974359,6.874023
0.126707,6.974339,6.874023
0.127060,6.973436,6.874023
0.127226,6.973055,6.874023
0.127581,6.972811,6.874023
0.127783,6.972179,6.874023
0.128083,6.971691,6.874023
0.128368,6.971197,6.874023
0.128696,6.970793,6.874023
0.129061,6.970353,6.874023
0.129354,6.969834,6.874023
0.129558,6.969206,6.874023
0.130012,6.968547,6.874023
0.130281,6.967968,6.874023
0.130460,6.967551,6.874023
0.130852,6.966943,6.874023
0.131140,6.966647,6.874023
0.131465,6.966007,6.874023
0.131763,6.965823,6.874023
0.132062,6.964968,6.874023
0.132305,6.964886,6.874023
0.132533,6.964355,6.874023
0.132889,6.963958,6.874023
0.133085,6.963299,6.874023
0.133413,6.962836,6.874023
0.133755,6.962436,6.874023
0.133995,6.961946,6.874023
0.134311,6.961540,6.874023
0.134532,6.960979,6.874023
0.134856,6.960588,6.874023
0.135140,6.960130,6.874023
0.135414,6.959676,6.874023
0.135775,6.959308,6.874023
0.135954,6.958794,6.874023
0.136195,6.958303,6.874023
0.136558,6.957938,6.874023
0.136914,6.957368,6.874023
0.137182,6.957020,6.874023
0.137407,6.956503,6.874023
0.137624,6.955879,6.874023
0.138040,6.955329,6.874023
0.138521,6.954985,6.874023
0.138571,6.954046,6.874023
0.138883,6.954078,6.874023
0.139178,6.953407,6.874023
0.139440,6.952914,6.874023
0.139760,6.952266,6.874023
0.140207,6.951999,6.874023
0.140333,6.951127,6.874023
0.140725,6.950790,6.874023
0.140957,6.950402,6.874023
0.141405,6.949790,6.874023
0.141542,6.949400,6.874023
0.141855,6.949067,6.874023
0.142092,6.948514,6.874023
0.142311,6.947891,6.874023
0.142669,6.947498,6.874023
0.142997,6.947037,6.874023
0.143339,6.946386,6.874023
0.143671,6.945969,6.874023
0.143877,6.945345,6.874023
0.144108,6.944935,6.874023
0.144414,6.944494,6.874023
0.144720,6.944035,6.874023
0.145140,6.943686,6.874023
0.145473,6.943214,6.874023
0.146093,6.942732,6.874023
0.146265,6.942573,6.874023
0.146646,6.942042,6.874023
0.146591,6.940835,6.874023
0.146416,6.939582,6.874023
0.147106,6.940179,6.874023
0.147340,6.939254,6.874023
0.147594,6.939249,6.874023
0.148026,6.938534,6.874023
0.148306,6.938340,6.874023
0.148715,6.937993,6.874023
0.148738,6.936932,6.874023
0.149001,6.936961,6.874023
0.149429,6.936124,6.874023
0.149523,6.935816,6.874023
0.149912,6.935204,6.874023
0.150192,6.934779,6.874023
0.150584,6.934364,6.874023
0.150729,6.933910,6.874023
0.151060,6.933549,6.874023
0.151369,6.933055,6.874023
0.151620,6.932063,6.874023
0.152015,6.931827,6.874023
0.152287,6.931388,6.874023
0.152600,6.930863,6.874023
0.153028,6.930373,6.874023
0.153330,6.929946,6.874023
0.153252,6.929199,6.874023
0.154210,6.929256,6.874023
0.154138,6.928116,6.874023
0.154415,6.928129,6.874023
0.154373,6.926865,6.874023
0.154835,6.926701,6.874023
0.155306,6.926398,6.874023
0.155635,6.926111,6.874023
0.155777,6.925689,6.874023
0.156185,6.925109,6.874023
0.156341,6.924344,6.874023
0.156479,6.923549,6.874023
0.157014,6.923352,6.874023
0.157292,6.923000,6.874023
0.157237,6.921890,6.874023
0.157800,6.922297,6.874023
0.158084,6.921358,6.874023
0.158270,6.920970,6.874023
0.158678,6.920641,6.874023
0.158879,6.920394,6.874023
0.159313,6.919856,6.874023
0.159698,6.919488,6.874023
0.160074,6.919202,6.874023
0.160138,6.918825,6.874023
0.160220,6.917727,6.874023
0.160463,6.917414,6.874023
0.160893,6.916793,6.874023
0.161270,6.916353,6.874023
0.161480,6.915947,6.874023
0.161779,6.915630,6.874023
0.162118,6.914725,6.874023
0.162342,6.914592,6.874023
0.162645,6.914070,6.874023
0.162956,6.913156,6.874023
0.163310,6.912680,6.874023
0.163676,6.912300,6.874023
0.163932,6.911776,6.874023
0.164115,6.911423,6.874023
0.164633,6.910830,6.874023
0.164712,6.910499,6.874023
0.165083,6.910185,6.874023
0.165450,6.909864,6.874023
0.165939,6.909494,6.874023
0.165890,6.908353,6.874023
0.166389,6.908018,6.874023
0.166673,6.907639,6.874023
0.167015,6.907142,6.874023
0.167169,6.906259,6.874023
0.167465,6.905957,6.874023
0.167727,6.905674,6.874023
0.167866,6.904979,6.874023
0.168338,6.904696,6.874023
0.168717,6.903971,6.874023
0.169083,6.903418,6.874023
0.169197,6.902970,6.874023
0.169443,6.902700,6.874023
0.169966,6.902386,6.874023
0.170472,6.902256,6.874023
0.170404,6.901335,6.874023
0.170800,6.900908,6.874023
0.171060,6.900759,6.874023
0.171260,6.899739,6.874023
0.171350,6.898981,6.874023
0.171726,6.898675,6.874023
0.171935,6.898479,6.874023
0.172167,6.897995,6.874023
0.172459,6.897473,6.874023
0.172992,6.896886,6.874023
0.173197,6.896337,6.874023
0.173513,6.895857,6.874023
0.173743,6.895503,6.874023
0.173972,6.895089,6.874023
0.174198,6.894498,6.874023
0.174521,6.894047,6.874023
0.174804,6.893531,6.874023
0.175246,6.893006,6.874023
0.175562,6.892506,6.874023
0.175905,6.892126,6.874023
0.176139,6.891567,6.874023
0.176421,6.891165,6.874023
0.176576,6.890552,6.874023
0.176865,6.890046,6.874023
0.177476,6.889818,6.874023
0.177839,6.889492,6.874023
0.178181,6.889072,6.874023
0.178119,6.888045,6.874023
0.178514,6.887924,6.874023
0.178692,6.887081,6.874023
0.179086,6.886997,6.874023
0.179704,6.886860,6.874023
0.179692,6.885837,6.874023
0.179970,6.885274,6.874023
0.180322,6.884870,6.874023
0.180534,6.884352,6.874023
0.180853,6.883876,6.874023
0.181029,6.883472,6.874023
0.181308,6.883046,6.874023
0.181542,6.882485,6.874023
0.181862,6.882088,6.874023
0.182230,6.881712,6.874023
0.182445,6.881238,6.874023
0.182860,6.880610,6.874023
0.183219,6.880334,6.874023
0.183766,6.880367,6.874023
0.183495,6.878765,6.874023
0.184150,6.879112,6.874023
0.184465,6.878610,6.874023
0.183924,6.876946,6.874023
0.183520,6.875452,6.874023
0.183673,6.874682,6.874023
0.180580,6.868293,6.874023
0.180016,6.866651,6.874023
0.180307,6.866205,6.874023
0.180892,6.866148,6.874023
0.182055,6.866946,6.874023
0.183367,6.868183,6.874023
0.184910,6.869724,6.874023
0.185393,6.869459,6.874023
0.185788,6.869165,6.874023
0.186097,6.868557,6.874023
0.184597,6.864947,6.874023
0.183184,6.861925,6.874023
0.183175,6.860927,6.874023
0.183633,6.860641,6.874023
0.184079,6.860373,6.874023
0.184491,6.860109,6.874023
0.184941,6.859848,6.874023
0.185381,6.859569,6.874023
0.185822,6.859313,6.874023
0.186345,6.859212,6.874023
0.187052,6.859413,6.874023
0.187509,6.859144,6.874023
0.187943,6.858896,6.874023
0.188175,6.858296,6.874023
0.188213,6.857471,6.874023
0.188608,6.857216,6.874023
0.189042,6.856948,6.874023
0.189459,6.856710,6.874023
0.189878,6.856456,6.874023
0.190274,6.856202,6.874023
0.190058,6.854575,6.874023
0.189757,6.853481,6.874023
0.190088,6.853197,6.874023
0.190523,6.852931,6.874023
0.190966,6.852678,6.874023
0.191378,6.852413,6.874023
0.191819,6.852157,6.874023
0.192264,6.851888,6.874023
0.192641,6.851583,6.874023
0.193070,6.851115,6.874023
0.193202,6.850599,6.874023
0.193637,6.850332,6.874023
0.194092,6.850042,6.874023
0.194568,6.849438,6.874023
0.194613,6.848954,6.874023
0.195011,6.848703,6.874023
0.195451,6.848445,6.874023
0.195866,6.848128,6.874023
0.196158,6.847644,6.874023
0.195791,6.845959,6.874023
0.194913,6.843645,6.874023
0.195176,6.843115,6.874023
0.195604,6.842838,6.874023
0.196074,6.842649,6.874023
0.196692,6.842684,6.874023
0.197120,6.842424,6.874023
0.197553,6.842175,6.874023
0.197980,6.841914,6.874023
0.198376,6.841662,6.874023
0.198818,6.841406,6.874023
0.198723,6.839785,6.874023
0.198269,6.838419,6.874023
0.198617,6.838126,6.874023
0.199043,6.837865,6.874023
0.199286,6.837358,6.874023
0.199514,6.836808,6.874023
0.199932,6.836553,6.874023
0.200335,6.836311,6.874023
0.200625,6.835844,6.874023
0.201018,6.835567,6.874023
0.201225,6.835061,6.874023
0.201381,6.834430,6.874023
0.201642,6.833973,6.874023
0.201886,6.833451,6.874023
0.194927,6.820652,6.874023
0.194301,6.819022,6.874023
0.194549,6.818526,6.874023
0.194993,6.818256,6.874023
0.195418,6.818010,6.874023
0.195847,6.817735,6.874023
0.196332,6.817570,6.874023
0.197089,6.817796,6.874023
0.197723,6.817819,6.874023
0.198181,6.817553,6.874023
0.198625,6.817282,6.874023
0.199081,6.816992,6.874023
0.199548,6.816721,6.874023
0.200010,6.816441,6.874023
0.200176,6.815635,6.874023
0.199683,6.813897,6.874023
0.199901,6.813293,6.874023
0.200308,6.813038,6.874023
0.200747,6.812760,6.874023
0.201190,6.812506,6.874023
0.201646,6.812218,6.874023
0.202064,6.811962,6.874023
0.202523,6.811696,6.874023
0.202944,6.811426,6.874023
0.203385,6.811170,6.874023
0.203813,6.810911,6.874023
0.204232,6.810657,6.874023
0.204685,6.810382,6.874023
0.205115,6.810108,6.874023
0.205541,6.809846,6.874023
0.205344,6.808577,6.874023
0.205010,6.807160,6.874023
0.205411,6.806836,6.874023
0.205845,6.806569,6.874023
0.206265,6.806316,6.874023
0.206689,6.806071,6.874023
0.207091,6.805827,6.874023
0.207501,6.805578,6.874023
0.207889,6.805331,6.874023
0.208308,6.805076,6.874023
0.208759,6.804816,6.874023
0.209172,6.804553,6.874023
0.209622,6.804292,6.874023
0.210067,6.804022,6.874023
0.210471,6.803764,6.874023
0.210922,6.803504,6.874023
0.211327,6.803246,6.874023
0.211772,6.802977,6.874023
0.212199,6.802717,6.874023
0.212635,6.802452,6.874023
0.213054,6.802199,6.874023
0.213465,6.801950,6.874023
0.213914,6.801689,6.874023
0.214350,6.801424,6.874023
0.214781,6.801151,6.874023
0.215217,6.800887,6.874023
0.215644,6.800626,6.874023
0.216094,6.800365,6.874023
0.216514,6.800113,6.874023
0.215981,6.798002,6.874023
0.215549,6.796460,6.874023
0.215830,6.796056,6.874023
0.216273,6.795784,6.874023
0.216701,6.795524,6.874023
0.217097,6.795271,6.874023
0.217478,6.794898,6.874023
0.216032,6.791126,6.874023
0.215422,6.789484,6.874023
0.215757,6.789111,6.874023
0.216174,6.788855,6.874023
0.216582,6.788621,6.874023
0.216987,6.788363,6.874023
0.217402,6.788122,6.874023
0.217805,6.787879,6.874023
0.218207,6.787635,6.874023
0.218617,6.787386,6.874023
0.218988,6.787150,6.874023
0.219369,6.786930,6.874023
0.219772,6.786687,6.874023
0.219792,6.785371,6.874023
0.219370,6.784155,6.874023
0.219740,6.783763,6.874023
0.220160,6.783510,6.874023
0.220590,6.783235,6.874023
0.221018,6.782977,6.874023
0.221455,6.782713,6.874023
0.221891,6.782449,6.874023
0.222344,6.782174,6.874023
0.222796,6.781898,6.874023
0.223255,6.781632,6.874023
0.223683,6.781373,6.874023
0.224009,6.780851,6.874023
0.223956,6.779761,6.874023
0.224500,6.779269,6.874023
0.224526,6.778695,6.874023
0.224974,6.778412,6.874023
0.225374,6.778165,6.874023
0.225783,6.777915,6.874023
0.226214,6.777642,6.874023
0.226656,6.777386,6.874023
0.226570,6.776242,6.874023
0.226396,6.775011,6.874023
0.226816,6.774720,6.874023
0.227246,6.774447,6.874023
0.227683,6.774184,6.874023
0.228120,6.773920,6.874023
0.227985,6.772444,6.874023
0.227609,6.771074,6.874023
0.227979,6.770680,6.874023
0.228427,6.770417,6.874023
0.228823,6.770163,6.874023
0.228881,6.768889,6.874023
0.228463,6.767700,6.874023
0.228833,6.767346,6.874023
0.229244,6.767097,6.874023
0.229662,6.766842,6.874023
0.230072,6.766593,6.874023
0.230483,6.766345,6.874023
0.230862,6.766101,6.874023
0.231307,6.765832,6.874023
0.231734,6.765573,6.874023
0.232144,6.765322,6.874023
0.232585,6.765066,6.874023
0.233024,6.764788,6.874023
0.233434,6.764539,6.874023
0.233870,6.764274,6.874023
0.234280,6.764025,6.874023
0.234716,6.763760,6.874023
0.235152,6.763495,6.874023
0.235594,6.763239,6.874023
0.236020,6.762978,6.874023
0.236448,6.762720,6.874023
0.236818,6.762328,6.874023
0.237152,6.761875,6.874023
0.237603,6.761598,6.874023
0.238029,6.761336,6.874023
0.238346,6.760856,6.874023
0.238302,6.759780,6.874023
0.234520,6.752237,6.874023
0.233853,6.750443,6.874023
0.234198,6.750049,6.874023
0.234629,6.749794,6.874023
0.235057,6.749537,6.874023
0.235493,6.749272,6.874023
0.235896,6.749029,6.874023
0.236318,6.748762,6.874023
0.236754,6.748497,6.874023
0.237027,6.747906,6.874023
0.236954,6.746859,6.874023
0.233670,6.740271,6.874023
0.233062,6.738596,6.874023
0.233282,6.738129,6.874023
0.233717,6.737882,6.874023
0.234120,6.737641,6.874023
0.234517,6.737388,6.874023
0.234934,6.737150,6.874023
0.235305,6.736914,6.874023
0.235699,6.736677,6.874023
0.236101,6.736433,6.874023
0.236511,6.736184,6.874023
0.236948,6.735919,6.874023
0.237384,6.735655,6.874023
0.237811,6.735396,6.874023
0.238273,6.735115,6.874023
0.238640,6.734778,6.874023
0.238767,6.733985,6.874023
0.238746,6.733007,6.874023
0.239185,6.732689,6.874023
0.239638,6.732413,6.874023
0.240074,6.732149,6.874023
0.240508,6.731899,6.874023
0.240946,6.731619,6.874023
0.241396,6.731359,6.874023
0.241841,6.731089,6.874023
0.242276,6.730823,6.874023
0.242720,6.730553,6.874023
0.243131,6.730304,6.874023
0.243544,6.730042,6.874023
0.243989,6.729772,6.874023
0.244407,6.729516,6.874023
0.244860,6.729242,6.874023
0.245270,6.728992,6.874023
0.245715,6.728722,6.874023
0.246159,6.728452,6.874023
0.246595,6.728187,6.874023
0.246920,6.727721,6.874023
0.246662,6.726004,6.874023
0.246283,6.724685,6.874023
0.246688,6.724311,6.874023
0.247116,6.724054,6.874023
0.243036,6.716096,6.874023
0.242412,6.714430,6.874023
0.242617,6.713863,6.874023
0.243046,6.713606,6.874023
0.243453,6.713371,6.874023
0.240285,6.706877,6.874023
0.239642,6.705201,6.874023
0.239830,6.704644,6.874023
0.240216,6.704412,6.874023
0.240659,6.704159,6.874023
0.241087,6.703901,6.874023
0.241483,6.703648,6.874023
0.241926,6.703394,6.874023
0.242357,6.703121,6.874023
0.242767,6.702872,6.874023
0.243212,6.702603,6.874023
0.243623,6.702354,6.874023
0.244067,6.702084,6.874023
0.244512,6.701815,6.874023
0.244947,6.701549,6.874023
0.245397,6.701288,6.874023
0.245816,6.701035,6.874023
0.246278,6.700754,6.874023
0.246723,6.700485,6.874023
0.247161,6.700206,6.874023
0.247603,6.699950,6.874023
0.248042,6.699671,6.874023
0.248478,6.699407,6.874023
0.248905,6.699147,6.874023
0.249341,6.698882,6.874023
0.249783,6.698627,6.874023
0.250192,6.698376,6.874023
0.250629,6.698112,6.874023
0.251047,6.697857,6.874023
0.251449,6.697613,6.874023
0.251871,6.697345,6.874023
0.252307,6.697081,6.874023
0.252761,6.696808,6.874023
0.253179,6.696552,6.874023
0.253580,6.696307,6.874023
0.253996,6.696068,6.874023
0.254398,6.695823,6.874023
0.254834,6.695558,6.874023
0.255245,6.695310,6.874023
0.255649,6.695051,6.874023
0.256076,6.694791,6.874023
0.256461,6.694558,6.874023
0.256863,6.694314,6.874023
0.257274,6.694066,6.874023
0.257688,6.693824,6.874023
0.257807,6.692516,6.874023
0.257399,6.691381,6.874023
0.257761,6.690976,6.874023
0.258199,6.690714,6.874023
0.258627,6.690455,6.874023
0.259049,6.690187,6.874023
0.258926,6.688616,6.874023
0.258326,6.686952,6.874023
0.258295,6.685976,6.874023
0.258317,6.685029,6.874023
0.258491,6.684314,6.874023
0.258926,6.684047,6.874023
0.259389,6.683770,6.874023
0.259827,6.683508,6.874023
0.260262,6.683242,6.874023
0.260707,6.682973,6.874023
0.261135,6.682715,6.874023
0.261555,6.682462,6.874023
0.261994,6.682183,6.874023
0.262435,6.681927,6.874023
0.262888,6.681652,6.874023
0.263302,6.681389,6.874023
0.263746,6.681119,6.874023
0.264191,6.680849,6.874023
0.264618,6.680589,6.874023
0.265051,6.680339,6.874023
0.265477,6.680078,6.874023
0.265931,6.679804,6.874023
0.266366,6.679538,6.874023
0.266530,6.678613,6.874023
0.265586,6.676363,6.874023
0.265767,6.675794,6.874023
0.266195,6.675535,6.874023
0.266605,6.675286,6.874023
0.267015,6.675037,6.874023
0.267435,6.674783,6.874023
0.267819,6.674550,6.874023
0.268225,6.674293,6.874023
0.268615,6.674068,6.874023
0.269033,6.673812,6.874023
0.269478,6.673544,6.874023
0.269883,6.673286,6.874023
0.270328,6.673017,6.874023
0.270764,6.672753,6.874023
0.271174,6.672503,6.874023
0.271615,6.672247,6.874023
0.272026,6.671998,6.874023
0.272470,6.671728,6.874023
0.272915,6.671458,6.874023
0.273354,6.671180,6.874023
0.273782,6.670920,6.874023
0.274201,6.670666,6.874023
0.274555,6.670229,6.874023
0.273206,6.667023,6.874023
0.272866,6.665498,6.874023
0.273264,6.665151,6.874023
0.273704,6.664875,6.874023
0.274123,6.664621,6.874023
0.274550,6.664361,6.874023
0.274986,6.664096,6.874023
0.275419,6.663846,6.874023
0.275824,6.663588,6.874023
0.276265,6.663332,6.874023
0.276684,6.663078,6.874023
0.277081,6.662826,6.874023
0.277508,6.662566,6.874023
0.277873,6.662164,6.874023
0.277966,6.661296,6.874023
0.277594,6.659450,6.874023
0.268211,6.643331,6.874023
0.267692,6.641416,6.874023
0.267965,6.641075,6.874023
0.268397,6.640823,6.874023
0.268806,6.640572,6.874023
0.269217,6.640324,6.874023
0.269637,6.640071,6.874023
0.270014,6.639844,6.874023
0.270424,6.639595,6.874023
0.270826,6.639352,6.874023
0.271241,6.639110,6.874023
0.271677,6.638846,6.874023
0.272099,6.638577,6.874023
0.272536,6.638313,6.874023
0.272972,6.638049,6.874023
0.273390,6.637794,6.874023
0.273826,6.637530,6.874023
0.274245,6.637275,6.874023
0.274689,6.637005,6.874023
0.275148,6.636739,6.874023
0.275592,6.636468,6.874023
0.276023,6.636195,6.874023
0.276484,6.635914,6.874023
0.276943,6.635648,6.874023
0.277390,6.635365,6.874023
0.277834,6.635094,6.874023
0.278301,6.634823,6.874023
0.278720,6.634568,6.874023
0.279140,6.634296,6.874023
0.279320,6.633110,6.874023
0.278963,6.632019,6.874023
0.279355,6.631605,6.874023
0.279761,6.631349,6.874023
0.280206,6.631081,6.874023
0.280650,6.630810,6.874023
0.281080,6.630553,6.874023
0.281515,6.630288,6.874023
