0.491975,-10.371259,-0.843495
0.488972,-10.376732,-0.843495
0.487428,-10.378897,-0.843495
0.484372,-10.385533,-0.843495
0.482311,-10.389600,-0.843495
0.480129,-10.393573,-0.843495
0.477456,-10.398765,-0.843495
0.475050,-10.403409,-0.843495
0.472931,-10.407099,-0.843495
0.470560,-10.411671,-0.843495
0.468568,-10.415920,-0.843495
0.466128,-10.420704,-0.843495
0.463244,-10.424880,-0.843495
0.461337,-10.428542,-0.843495
0.458624,-10.433961,-0.843495
0.457654,-10.436778,-0.843495
0.454331,-10.442818,-0.843495
0.452496,-10.445407,-0.843495
0.449361,-10.451228,-0.843495
0.447468,-10.454910,-0.843495
0.444479,-10.460424,-0.843495
0.442697,-10.463826,-0.843495
0.440045,-10.469164,-0.843495
0.437556,-10.473844,-0.843495
0.435572,-10.478142,-0.843495
0.433884,-10.480828,-0.843495
0.431494,-10.485660,-0.843495
0.428619,-10.491467,-0.843495
0.426842,-10.494681,-0.843495
0.424181,-10.499262,-0.843495
0.422446,-10.503248,-0.843495
0.419644,-10.509003,-0.843495
0.417036,-10.514049,-0.843495
0.415073,-10.517415,-0.843495
0.413242,-10.520579,-0.843495
0.410339,-10.525127,-0.843495
0.407691,-10.529591,-0.843495
0.404905,-10.534681,-0.843495
0.402080,-10.539595,-0.843495
0.400626,-10.543679,-0.843495
0.398541,-10.547084,-0.843495
0.395077,-10.552783,-0.843495
0.393036,-10.557354,-0.843495
0.389988,-10.561357,-0.843495
0.388083,-10.566447,-0.843495
0.386298,-10.568882,-0.843495
0.383661,-10.574160,-0.843495
0.381152,-10.577831,-0.843495
0.378280,-10.582675,-0.843495
0.376244,-10.586632,-0.843495
0.373802,-10.592222,-0.843495
0.371746,-10.595058,-0.843495
0.368765,-10.600465,-0.843495
0.365843,-10.606013,-0.843495
0.364109,-10.608990,-0.843495
0.361572,-10.614039,-0.843495
0.358712,-10.619170,-0.843495
0.356211,-10.623742,-0.843495
0.354712,-10.626817,-0.843495
0.351832,-10.631713,-0.843495
0.349590,-10.635498,-0.843495
0.346850,-10.640623,-0.843495
0.344308,-10.645400,-0.843495
0.341870,-10.649432,-0.843495
0.339329,-10.654186,-0.843495
0.337387,-10.658583,-0.843495
0.335219,-10.661666,-0.843495
0.332030,-10.667628,-0.843495
0.330527,-10.670229,-0.843495
0.327959,-10.674611,-0.843495
0.325019,-10.680150,-0.843495
0.323222,-10.683971,-0.843495
0.320242,-10.689299,-0.843495
0.317810,-10.693817,-0.843495
0.315818,-10.697414,-0.843495
0.313623,-10.701773,-0.843495
0.311480,-10.705171,-0.843495
0.309554,-10.709599,-0.843495
0.305935,-10.715679,-0.843495
0.303665,-10.720201,-0.843495
0.302008,-10.722947,-0.843495
0.299299,-10.728727,-0.843495
0.297915,-10.731759,-0.843495
0.294037,-10.738123,-0.843495
0.292428,-10.741063,-0.843495
0.290234,-10.745399,-0.843495
0.288231,-10.749497,-0.843495
0.284666,-10.755166,-0.843495
0.282189,-10.759730,-0.843495
0.280914,-10.762592,-0.843495
0.278192,-10.768042,-0.843495
0.275887,-10.771693,-0.843495
0.273900,-10.775395,-0.843495
0.272051,-10.779929,-0.843495
0.268078,-10.786289,-0.843495
0.266281,-10.790088,-0.843495
0.264373,-10.793000,-0.843495
0.261419,-10.799407,-0.843495
0.259831,-10.801527,-0.843495
0.256344,-10.808696,-0.843495
0.254404,-10.812197,-0.843495
0.251936,-10.816596,-0.843495
0.249740,-10.820663,-0.843495
0.246904,-10.826076,-0.843495
0.244570,-10.830588,-0.843495
0.242323,-10.834708,-0.843495
0.240207,-10.838657,-0.843495
0.238128,-10.842536,-0.843495
0.235149,-10.848180,-0.843495
0.232753,-10.852672,-0.843495
0.230547,-10.856823,-0.843495
0.228111,-10.861362,-0.843495
0.225754,-10.865751,-0.843495
0.223364,-10.870201,-0.843495
0.221172,-10.874326,-0.843495
0.218708,-10.878940,-0.843495
0.216307,-10.883475,-0.843495
0.215006,-10.885540,-0.843495
0.212650,-10.889783,-0.843495
0.209349,-10.896339,-0.843495
0.207049,-10.900768,-0.843495
0.204453,-10.905406,-0.843495
0.202140,-10.909468,-0.843495
0.200263,-10.912979,-0.843495
0.197358,-10.918593,-0.843495
0.195487,-10.922735,-0.843495
0.193538,-10.925546,-0.843495
0.190114,-10.932040,-0.843495
0.187806,-10.936240,-0.843495
0.186156,-10.939710,-0.843495
0.184047,-10.943394,-0.843495
0.180763,-10.949342,-0.843495
0.178819,-10.952683,-0.843495
0.176124,-10.958147,-0.843495
0.173780,-10.962833,-0.843495
0.172595,-10.964979,-0.843495
0.169784,-10.970213,-0.843495
0.166905,-10.975695,-0.843495
0.164620,-10.979862,-0.843495
0.161967,-10.984605,-0.843495
0.160606,-10.987974,-0.843495
0.158058,-10.991423,-0.843495
0.155882,-10.996746,-0.843495
0.153553,-11.001014,-0.843495
0.151497,-11.004165,-0.843495
0.148809,-11.009338,-0.843495
0.145698,-11.015419,-0.843495
0.144065,-11.018370,-0.843495
0.141068,-11.024216,-0.843495
0.138527,-11.028612,-0.843495
0.136304,-11.032867,-0.843495
0.134309,-11.036531,-0.843495
0.132173,-11.040628,-0.843495
0.129032,-11.046547,-0.843495
0.126790,-11.050726,-0.843495
0.124535,-11.054942,-0.843495
0.121945,-11.059817,-0.843495
0.119582,-11.064304,-0.843495
0.117304,-11.068576,-0.843495
0.114919,-11.073029,-0.843495
0.112549,-11.077467,-0.843495
0.110217,-11.081856,-0.843495
0.108007,-11.085960,-0.843495
0.105549,-11.090590,-0.843495
0.103147,-11.095068,-0.843495
0.100683,-11.099659,-0.843495
0.098447,-11.103851,-0.843495
0.096051,-11.108333,-0.843495
0.093707,-11.112728,-0.843495
0.091342,-11.117146,-0.843495
0.089110,-11.121329,-0.843495
0.086638,-11.125951,-0.843495
0.084324,-11.130272,-0.843495
0.081814,-11.134975,-0.843495
0.079592,-11.139118,-0.843495
0.077256,-11.143540,-0.843495
0.074776,-11.148158,-0.843495
0.073478,-11.150616,-0.843495
0.071285,-11.157310,-0.843495
0.070107,-11.160805,-0.843495
0.066900,-11.163203,-0.843495
0.062778,-11.170306,-0.843495
0.060527,-11.174457,-0.843495
0.058934,-11.177786,-0.843495
0.057056,-11.181858,-0.843495
0.053922,-11.186917,-0.843495
0.051187,-11.192022,-0.843495
0.048789,-11.196535,-0.843495
0.046351,-11.201097,-0.843495
0.043959,-11.205579,-0.843495
0.042138,-11.209141,-0.843495
0.039954,-11.212978,-0.843495
0.036877,-11.218706,-0.843495
0.034624,-11.223147,-0.843495
0.032730,-11.226548,-0.843495
0.030037,-11.231731,-0.843495
0.027499,-11.236464,-0.843495
0.025161,-11.240964,-0.843495
0.022862,-11.245270,-0.843495
0.020491,-11.249685,-0.843495
0.018216,-11.253767,-0.843495
0.015613,-11.258547,-0.843495
0.013477,-11.262656,-0.843495
0.011030,-11.267278,-0.843495
0.008915,-11.271274,-0.843495
0.006239,-11.276320,-0.843495
0.003996,-11.280508,-0.843495
0.001655,-11.284894,-0.843495
-0.000793,-11.289493,-0.843495
-0.002947,-11.293481,-0.843495
-0.004918,-11.297044,-0.843495
-0.007842,-11.302502,-0.843495
-0.010079,-11.306660,-0.843495
-0.012171,-11.310431,-0.843495
-0.014293,-11.314637,-0.843495
-0.017412,-11.320354,-0.843495
-0.019744,-11.324542,-0.843495
-0.020784,-11.326223,-0.843495
-0.024211,-11.333244,-0.843495
-0.025275,-11.335384,-0.843495
-0.028120,-11.339569,-0.843495
-0.031436,-11.346723,-0.843495
-0.033829,-11.350735,-0.843495
-0.035201,-11.353055,-0.843495
-0.038575,-11.359810,-0.843495
-0.040840,-11.363931,-0.843495
-0.042587,-11.367608,-0.843495
-0.044665,-11.370770,-0.843495
-0.047857,-11.376361,-0.843495
-0.049875,-11.381516,-0.843495
-0.051459,-11.384391,-0.843495
-0.054810,-11.389923,-0.843495
-0.056749,-11.393290,-0.843495
-0.059359,-11.399177,-0.843495
-0.061092,-11.401740,-0.843495
-0.064650,-11.408401,-0.843495
-0.066186,-11.411637,-0.843495
-0.069285,-11.417207,-0.843495
-0.071310,-11.420811,-0.843495
-0.073999,-11.425940,-0.843495
-0.075951,-11.429783,-0.843495
-0.078201,-11.433642,-0.843495
-0.080847,-11.438769,-0.843495
-0.083333,-11.443464,-0.843495
-0.085793,-11.447867,-0.843495
-0.088159,-11.452295,-0.843495
-0.090229,-11.456022,-0.843495
-0.091785,-11.458551,-0.843495
-0.094551,-11.463417,-0.843495
-0.097921,-11.468782,-0.843495
-0.100464,-11.473087,-0.843495
-0.101906,-11.475618,-0.843495
-0.106397,-11.482221,-0.843495
-0.107745,-11.484115,-0.843495
-0.110423,-11.488385,-0.843495
-0.114655,-11.493929,-0.843495
-0.117844,-11.497187,-0.843495
-0.120412,-11.500628,-0.843495
-0.124310,-11.504680,-0.843495
-0.126962,-11.508380,-0.843495
-0.131940,-11.512680,-0.843495
-0.135084,-11.516388,-0.843495
-0.139403,-11.520272,-0.843495
-0.142256,-11.522546,-0.843495
-0.147549,-11.527134,-0.843495
-0.151976,-11.529977,-0.843495
-0.156625,-11.533838,-0.843495
-0.160773,-11.536631,-0.843495
-0.168500,-11.539779,-0.843495
-0.171571,-11.541831,-0.843495
-0.177786,-11.545311,-0.843495
-0.181702,-11.546853,-0.843495
-0.189234,-11.549830,-0.843495
-0.195870,-11.553277,-0.843495
-0.200045,-11.555787,-0.843495
-0.204505,-11.558578,-0.843495
-0.082150,-11.439273,-0.843555
-0.087038,-11.448664,-0.843555
-0.091756,-11.456371,-0.843555
-0.096755,-11.464698,-0.843555
-0.101033,-11.475269,-0.843555
-0.106652,-11.483533,-0.843555
-0.111351,-11.487110,-0.843555
-0.117910,-11.490754,-0.843555
-0.122759,-11.498365,-0.843555
-0.127688,-11.507481,-0.843555
-0.131477,-11.511131,-0.843555
-0.136176,-11.515606,-0.843555
-0.141545,-11.519411,-0.843555
-0.146005,-11.524579,-0.843555
-0.151884,-11.529645,-0.843555
-0.156503,-11.533072,-0.843555
-0.161303,-11.536388,-0.843555
-0.166012,-11.539615,-0.843555
-0.171140,-11.542637,-0.843555
-0.176080,-11.544927,-0.843555
-0.181749,-11.548042,-0.843555
-0.186089,-11.549650,-0.843555
-0.191549,-11.552329,-0.843555
-0.197108,-11.554723,-0.843555
-0.202278,-11.556675,-0.843555
-0.206298,-11.558208,-0.843555
-0.211487,-11.559978,-0.843555
-0.216387,-11.561404,-0.843555
-0.221217,-11.562230,-0.843555
-0.226437,-11.563547,-0.843555
-0.230957,-11.564237,-0.843555
-0.237356,-11.565639,-0.843555
-0.241436,-11.566200,-0.843555
-0.247096,-11.567052,-0.843555
-0.251595,-11.567329,-0.843555
-0.258525,-11.567858,-0.843555
-0.261275,-11.567844,-0.843555
-0.267775,-11.568057,-0.843555
-0.272585,-11.568204,-0.843555
-0.278445,-11.567921,-0.843555
-0.283645,-11.567465,-0.843555
-0.286605,-11.567158,-0.843555
-0.291815,-11.566748,-0.843555
-0.296415,-11.565981,-0.843555
-0.301345,-11.565264,-0.843555
-0.306096,-11.564255,-0.843555
-0.312146,-11.562905,-0.843555
-0.317396,-11.561225,-0.843555
-0.321736,-11.560255,-0.843555
-0.326337,-11.558887,-0.843555
-0.332027,-11.556612,-0.843555
-0.336676,-11.555043,-0.843555
-0.340927,-11.553112,-0.843555
-0.347377,-11.550250,-0.843555
-0.350787,-11.548995,-0.843555
-0.355948,-11.545976,-0.843555
-0.362639,-11.541651,-0.843555
-0.366479,-11.538640,-0.843555
-0.371950,-11.534113,-0.843555
-0.377061,-11.530223,-0.843555
-0.382061,-11.525913,-0.843555
-0.388591,-11.526416,-0.843555
-0.391423,-11.517690,-0.843555
-0.396223,-11.515683,-0.843555
-0.402004,-11.510263,-0.843555
-0.405795,-11.507704,-0.843555
-0.411606,-11.501588,-0.843555
-0.416826,-11.494330,-0.843555
-0.422357,-11.485315,-0.843555
-0.427010,-11.471966,-0.843555
-0.433780,-11.470095,-0.843555
-0.437311,-11.463863,-0.843555
-0.442303,-11.454811,-0.843555
-0.447084,-11.446255,-0.843555
-0.451885,-11.440262,-0.843555
-0.457377,-11.428695,-0.843555
-0.462089,-11.420815,-0.843555
-0.466901,-11.410061,-0.843555
-0.472082,-11.402848,-0.843555
-0.477393,-11.394458,-0.843555
-0.482545,-11.385240,-0.843555
-0.486577,-11.374575,-0.843555
-0.491348,-11.369722,-0.843555
-0.496520,-11.353964,-0.843555
-0.500901,-11.344816,-0.843555
-0.506062,-11.340076,-0.843555
-0.512514,-11.327845,-0.843555
-0.516194,-11.325934,-0.843555
-0.522346,-11.315349,-0.843555
-0.527067,-11.308187,-0.843555
-0.532389,-11.296791,-0.843555
-0.537382,-11.282271,-0.843555
-0.541513,-11.278142,-0.843555
-0.548144,-11.269168,-0.843555
-0.551376,-11.257763,-0.843555
-0.555988,-11.248917,-0.843555
-0.562649,-11.241838,-0.843555
-0.567271,-11.232144,-0.843555
-0.572312,-11.226585,-0.843555
-0.577313,-11.220384,-0.843555
-0.582158,-11.188990,-0.843555
-0.588388,-11.187048,-0.843555
-0.592209,-11.176611,-0.843555
-0.596170,-11.172390,-0.843555
-0.602650,-11.173457,-0.843555
-0.607531,-11.168235,-0.843555
-0.611331,-11.166571,-0.843555
-0.617364,-11.149995,-0.843555
-0.622145,-11.142818,-0.843555
-0.627257,-11.134252,-0.843555
-0.632158,-11.125012,-0.843555
-0.637811,-11.111551,-0.843555
-0.642013,-11.095953,-0.843555
-0.646356,-11.078556,-0.843555
-0.653769,-11.064177,-0.843555
-0.658621,-11.050510,-0.843555
-0.663652,-11.048521,-0.843555
-0.668281,-11.048370,-0.843555
-0.673621,-11.049183,-0.843555
-0.677892,-11.043557,-0.843555
-0.682213,-11.037757,-0.843555
-0.688913,-11.035484,-0.843555
-0.692406,-11.020297,-0.843555
-0.697487,-11.011408,-0.843555
-0.702439,-11.001163,-0.843555
-0.706510,-10.997948,-0.843555
-0.712252,-10.986406,-0.843555
-0.717583,-10.977368,-0.843555
-0.722445,-10.968992,-0.843555
-0.727297,-10.953888,-0.843555
-0.732298,-10.949920,-0.843555
-0.736569,-10.944995,-0.843555
-0.742651,-10.934255,-0.843555
-0.174232,-11.446060,-0.843585
-0.173162,-11.444723,-0.843585
-0.173525,-11.443744,-0.843585
-0.174056,-11.442815,-0.843585
-0.174577,-11.441949,-0.843585
-0.175078,-11.441050,-0.843585
-0.175579,-11.440184,-0.843585
-0.176090,-11.439290,-0.843585
-0.176572,-11.438402,-0.843585
-0.177066,-11.437555,-0.843585
-0.177603,-11.436596,-0.843585
-0.178124,-11.435672,-0.843585
-0.178633,-11.434777,-0.843585
-0.179117,-11.433925,-0.843585
-0.179609,-11.433054,-0.843585
-0.180083,-11.432220,-0.843585
-0.180553,-11.431394,-0.843585
-0.181018,-11.430577,-0.843585
-0.181488,-11.429751,-0.843585
-0.181950,-11.428933,-0.843585
-0.182445,-11.428064,-0.843585
-0.182991,-11.427120,-0.843585
-0.183482,-11.426260,-0.843585
-0.183969,-11.425410,-0.843585
-0.184477,-11.424503,-0.843585
-0.184978,-11.423626,-0.843585
-0.185475,-11.422758,-0.843585
-0.185970,-11.421889,-0.843585
-0.186473,-11.421013,-0.843585
-0.186986,-11.420109,-0.843585
-0.187488,-11.419232,-0.843585
-0.187982,-11.418386,-0.843585
-0.188460,-11.417530,-0.843585
-0.188969,-11.416658,-0.843585
-0.189472,-11.415759,-0.843585
-0.189962,-11.414922,-0.843585
-0.190420,-11.414101,-0.843585
-0.190887,-11.413285,-0.843585
-0.191348,-11.412477,-0.843585
-0.191819,-11.411652,-0.843585
-0.192321,-11.410775,-0.843585
-0.192821,-11.409898,-0.843585
-0.193321,-11.409021,-0.843585
-0.193818,-11.408153,-0.843585
-0.194338,-11.407241,-0.843585
-0.194867,-11.406334,-0.843585
-0.195370,-11.405435,-0.843585
-0.195881,-11.404540,-0.843585
-0.196389,-11.403656,-0.843585
-0.196888,-11.402801,-0.843585
-0.197425,-11.401841,-0.843585
-0.197940,-11.400937,-0.843585
-0.198451,-11.400043,-0.843585
-0.198934,-11.399202,-0.843585
-0.199423,-11.398341,-0.843585
-0.199896,-11.397517,-0.843585
-0.200367,-11.396692,-0.843585
-0.200841,-11.395880,-0.843585
-0.201322,-11.395038,-0.843585
-0.201794,-11.394190,-0.843585
-0.202310,-11.393287,-0.843585
-0.202831,-11.392376,-0.843585
-0.203327,-11.391509,-0.843585
-0.203808,-11.390666,-0.843585
-0.204306,-11.389799,-0.843585
-0.204814,-11.388926,-0.843585
-0.205296,-11.388061,-0.843585
-0.205793,-11.387194,-0.843585
-0.206289,-11.386325,-0.843585
-0.206775,-11.385475,-0.843585
-0.207306,-11.384546,-0.843585
-0.207797,-11.383686,-0.843585
-0.208279,-11.382844,-0.843585
-0.208797,-11.381931,-0.843585
-0.209318,-11.381042,-0.843585
-0.209779,-11.380234,-0.843585
-0.210226,-11.379430,-0.843585
-0.210703,-11.378620,-0.843585
-0.211151,-11.377817,-0.843585
-0.211616,-11.376999,-0.843585
-0.212118,-11.376123,-0.843585
-0.212619,-11.375246,-0.843585
-0.213124,-11.374360,-0.843585
-0.213631,-11.373475,-0.843585
-0.214151,-11.372563,-0.843585
-0.214672,-11.371651,-0.843585
-0.215193,-11.370739,-0.843585
-0.215709,-11.369836,-0.843585
-0.216211,-11.368960,-0.843585
-0.216706,-11.368091,-0.843585
-0.217232,-11.367171,-0.843585
-0.217743,-11.366277,-0.843585
-0.218251,-11.365404,-0.843585
-0.218725,-11.364557,-0.843585
-0.219226,-11.363680,-0.843585
-0.219708,-11.362838,-0.843585
-0.220190,-11.361997,-0.843585
-0.220671,-11.361154,-0.843585
-0.221153,-11.360313,-0.843585
-0.221643,-11.359452,-0.843585
-0.222158,-11.358549,-0.843585
-0.222674,-11.357646,-0.843585
-0.223160,-11.356795,-0.843585
-0.223632,-11.355970,-0.843585
-0.224133,-11.355093,-0.843585
-0.224642,-11.354221,-0.843585
-0.225138,-11.353353,-0.843585
-0.225626,-11.352480,-0.843585
-0.226128,-11.351603,-0.843585
-0.226647,-11.350690,-0.843585
-0.227163,-11.349787,-0.843585
-0.227660,-11.348920,-0.843585
-0.228142,-11.348078,-0.843585
-0.228887,-11.347364,-0.843585
-0.274460,-11.371942,-0.843585
-0.276582,-11.372336,-0.843585
-0.277277,-11.371743,-0.843585
-0.277754,-11.370887,-0.843585
-0.278217,-11.370092,-0.843585
-0.278670,-11.369291,-0.843585
-0.279184,-11.368399,-0.843585
-0.279682,-11.367531,-0.843585
-0.280196,-11.366627,-0.843585
-0.280705,-11.365743,-0.843585
-0.281230,-11.364822,-0.843585
-0.281757,-11.363903,-0.843585
-0.282268,-11.363009,-0.843585
-0.282770,-11.362132,-0.843585
-0.283263,-11.361274,-0.843585
-0.283753,-11.360413,-0.843585
-0.284267,-11.359521,-0.843585
-0.284786,-11.358608,-0.843585
-0.285292,-11.357723,-0.843585
-0.285780,-11.356873,-0.843585
-0.286295,-11.355969,-0.843585
-0.447943,-11.446907,-0.843585
-0.448479,-11.445843,-0.843585
-0.448877,-11.444839,-0.843585
-0.449296,-11.444180,-0.843585
-0.449534,-11.443728,-0.843585
-0.450155,-11.442874,-0.843585
-0.450624,-11.442013,-0.843585
-0.451223,-11.440996,-0.843585
-0.451707,-11.439948,-0.843585
-0.452064,-11.439369,-0.843585
-0.452662,-11.438363,-0.843585
-0.453334,-11.437388,-0.843585
-0.453704,-11.436770,-0.843585
-0.454086,-11.435802,-0.843585
-0.454667,-11.434960,-0.843585
-0.455332,-11.433831,-0.843585
-0.455686,-11.433100,-0.843585
-0.456155,-11.432343,-0.843585
-0.456709,-11.431404,-0.843585
-0.457157,-11.430589,-0.843585
-0.457775,-11.429537,-0.843585
-0.458127,-11.428909,-0.843585
-0.458580,-11.428108,-0.843585
-0.459056,-11.427286,-0.843585
-0.459514,-11.426477,-0.843585
-0.460012,-11.425610,-0.843585
-0.460538,-11.424689,-0.843585
-0.461049,-11.423795,-0.843585
-0.461549,-11.422917,-0.843585
-0.462089,-11.421971,-0.843585
-0.462591,-11.421094,-0.843585
-0.463095,-11.420230,-0.843585
-0.463588,-11.419348,-0.843585
-0.464081,-11.418490,-0.843585
-0.464565,-11.417638,-0.843585
-0.465083,-11.416736,-0.843585
-0.465618,-11.415798,-0.843585
-0.466115,-11.414930,-0.843585
-0.466616,-11.414053,-0.843585
-0.467135,-11.413140,-0.843585
-0.467618,-11.412299,-0.843585
-0.468088,-11.411474,-0.843585
-0.468560,-11.410649,-0.843585
-0.469042,-11.409807,-0.843585
-0.469341,-11.408884,-0.843585
-0.469903,-11.408042,-0.843585
-0.470418,-11.407035,-0.843585
-0.471102,-11.406205,-0.843585
-0.471517,-11.405602,-0.843585
-0.472215,-11.404387,-0.843585
-0.472874,-11.403405,-0.843585
-0.472981,-11.402856,-0.843585
-0.473527,-11.401993,-0.843585
-0.474042,-11.401090,-0.843585
-0.474553,-11.400195,-0.843585
-0.475058,-11.399321,-0.843585
-0.475553,-11.398452,-0.843585
-0.476451,-11.397330,-0.843585
-0.476899,-11.396641,-0.843585
-0.477276,-11.395808,-0.843585
-0.477699,-11.395117,-0.843585
-0.478110,-11.394281,-0.843585
-0.478557,-11.393154,-0.843585
-0.478860,-11.392498,-0.843585
-0.479691,-11.391475,-0.843585
-0.480181,-11.390420,-0.843585
-0.480427,-11.390007,-0.843585
-0.480924,-11.389140,-0.843585
-0.481531,-11.388242,-0.843585
-0.481881,-11.387360,-0.843585
-0.482495,-11.386455,-0.843585
-0.483014,-11.385589,-0.843585
-0.483622,-11.384531,-0.843585
-0.484040,-11.383768,-0.843585
-0.484520,-11.382936,-0.843585
-0.485062,-11.382048,-0.843585
-0.485576,-11.381098,-0.843585
-0.486088,-11.380216,-0.843585
-0.486567,-11.379372,-0.843585
-0.487083,-11.378469,-0.843585
-0.487554,-11.377645,-0.843585
-0.488032,-11.376812,-0.843585
-0.488510,-11.375968,-0.843585
-0.488990,-11.375136,-0.843585
-0.489528,-11.373820,-0.843585
-0.489909,-11.373127,-0.843585
-0.490233,-11.372495,-0.843585
-0.491169,-11.371717,-0.843585
-0.491659,-11.370961,-0.843585
-0.492163,-11.370096,-0.843585
-0.492455,-11.369089,-0.843585
-0.492770,-11.368094,-0.843585
-0.493382,-11.367338,-0.843585
-0.494001,-11.366505,-0.843585
-0.494466,-11.365644,-0.843585
-0.495054,-11.364609,-0.843585
-0.495590,-11.363925,-0.843585
-0.495935,-11.363074,-0.843585
-0.496450,-11.362055,-0.843585
-0.497025,-11.361105,-0.843585
-0.497474,-11.360394,-0.843585
-0.497940,-11.359590,-0.843585
-0.498386,-11.358785,-0.843585
-0.498926,-11.357907,-0.843585
-0.499346,-11.357156,-0.843585
-0.499875,-11.356238,-0.843585
-0.500370,-11.355369,-0.843585
-0.500871,-11.354492,-0.843585
-0.501376,-11.353606,-0.843585
-0.501898,-11.352695,-0.843585
-0.502414,-11.351791,-0.843585
-0.502925,-11.350897,-0.843585
-0.503441,-11.349995,-0.843585
-0.503938,-11.349126,-0.843585
-0.504438,-11.348249,-0.843585
-0.504988,-11.347285,-0.843585
-0.505495,-11.346400,-0.843585
-0.506009,-11.345496,-0.843585
-0.506497,-11.344646,-0.843585
-0.506989,-11.343787,-0.843585
-0.507459,-11.342961,-0.843585
-0.507932,-11.342138,-0.843585
-0.508409,-11.341304,-0.843585
-0.508876,-11.340488,-0.843585
-0.509360,-11.339636,-0.843585
-0.509881,-11.338725,-0.843585
-0.510392,-11.337830,-0.843585
-0.510878,-11.336980,-0.843585
-0.511364,-11.336128,-0.843585
-0.511884,-11.335239,-0.843585
-0.512372,-11.334366,-0.843585
-0.512863,-11.333507,-0.843585
-0.513365,-11.332630,-0.843585
-0.513866,-11.331753,-0.843585
-0.514361,-11.330884,-0.843585
-0.514882,-11.329973,-0.843585
-0.515215,-11.329035,-0.843585
-0.515827,-11.328278,-0.843585
-0.516249,-11.327322,-0.843585
-0.516820,-11.326450,-0.843585
-0.517311,-11.325602,-0.843585
-0.517765,-11.324802,-0.843585
-0.518236,-11.323988,-0.843585
-0.518693,-11.323178,-0.843585
-0.519579,-11.321957,-0.843585
-0.520033,-11.321088,-0.843585
-0.520181,-11.320631,-0.843585
-0.520627,-11.319769,-0.843585
-0.521241,-11.318899,-0.843585
-0.521768,-11.317979,-0.843585
-0.522292,-11.317057,-0.843585
-0.522799,-11.316172,-0.843585
-0.523308,-11.315289,-0.843585
-0.523821,-11.314384,-0.843585
-0.524307,-11.313533,-0.843585
-0.524849,-11.312587,-0.843585
-0.525363,-11.311683,-0.843585
-0.526322,-11.310573,-0.843585
-0.526717,-11.309877,-0.843585
-0.527172,-11.308950,-0.843585
-0.527537,-11.308457,-0.843585
-0.528153,-11.307150,-0.843585
-0.528352,-11.306607,-0.843585
-0.528900,-11.305861,-0.843585
-0.529350,-11.304471,-0.843585
-0.530318,-11.303734,-0.843585
-0.530631,-11.303061,-0.843585
-0.530782,-11.301972,-0.843585
-0.531301,-11.301128,-0.843585
-0.532217,-11.300235,-0.843585
-0.532542,-11.299545,-0.843585
-0.532866,-11.298383,-0.843585
-0.533299,-11.297594,-0.843585
-0.534205,-11.296764,-0.843585
-0.534248,-11.295867,-0.843585
-0.535140,-11.294915,-0.843585
-0.535345,-11.294433,-0.843585
-0.535774,-11.293514,-0.843585
-0.536350,-11.292565,-0.843585
-0.536868,-11.291721,-0.843585
-0.537154,-11.290479,-0.843585
-0.537340,-11.289883,-0.843585
-0.538663,-11.289338,-0.843585
-0.538534,-11.288135,-0.843585
-0.539142,-11.287123,-0.843585
-0.539769,-11.286387,-0.843585
-0.540004,-11.285566,-0.843585
-0.540718,-11.284661,-0.843585
-0.541168,-11.283847,-0.843585
-0.542015,-11.283260,-0.843585
-0.542344,-11.282158,-0.843585
-0.543352,-11.281409,-0.843585
-0.543635,-11.280845,-0.843585
-0.543997,-11.279935,-0.843585
-0.544325,-11.278890,-0.843585
-0.545090,-11.278083,-0.843585
-0.545104,-11.277101,-0.843585
-0.545653,-11.276090,-0.843585
-0.546336,-11.275398,-0.843585
-0.546714,-11.273921,-0.843585
-0.547129,-11.273593,-0.843585
-0.548092,-11.272313,-0.843585
-0.548312,-11.271309,-0.843585
-0.549082,-11.270920,-0.843585
-0.549025,-11.270059,-0.843585
-0.549707,-11.269343,-0.843585
-0.550496,-11.268066,-0.843585
-0.550965,-11.267182,-0.843585
-0.551488,-11.266352,-0.843585
-0.551612,-11.265789,-0.843585
-0.552132,-11.264670,-0.843585
-0.552831,-11.263929,-0.843585
-0.553277,-11.263228,-0.843585
-0.553758,-11.262316,-0.843585
-0.554441,-11.261267,-0.843585
-0.554788,-11.260440,-0.843585
-0.555281,-11.259697,-0.843585
-0.556271,-11.258880,-0.843585
-0.556583,-11.257585,-0.843585
-0.556874,-11.256829,-0.843585
-0.557181,-11.255761,-0.843585
-0.558047,-11.255346,-0.843585
-0.558334,-11.254232,-0.843585
-0.558781,-11.253473,-0.843585
-0.559495,-11.252569,-0.843585
-0.559775,-11.252176,-0.843585
-0.560275,-11.251298,-0.843585
-0.560409,-11.250235,-0.843585
-0.561156,-11.249141,-0.843585
-0.561645,-11.248603,-0.843585
-0.562109,-11.247624,-0.843585
-0.562638,-11.246694,-0.843585
-0.563112,-11.245859,-0.843585
-0.563663,-11.244942,-0.843585
-0.564108,-11.244113,-0.843585
-0.564652,-11.243203,-0.843585
-0.565157,-11.242282,-0.843585
-0.565653,-11.241414,-0.843585
-0.566150,-11.240546,-0.843585
-0.566665,-11.239643,-0.843585
-0.567157,-11.238784,-0.843585
-0.567642,-11.237955,-0.843585
-0.568106,-11.237126,-0.843585
-0.568587,-11.236284,-0.843585
-0.569052,-11.235455,-0.843585
-0.569696,-11.234315,-0.843585
-0.570042,-11.233683,-0.843585
-0.570529,-11.232855,-0.843585
-0.571073,-11.232026,-0.843585
-0.571571,-11.231044,-0.843585
-0.572156,-11.230238,-0.843585
-0.572563,-11.229342,-0.843585
-0.573183,-11.228498,-0.843585
-0.573955,-11.227799,-0.843585
-0.574596,-11.226910,-0.843585
-0.575536,-11.226364,-0.843585
-0.576608,-11.225779,-0.843585
-0.575866,-11.224019,-0.843585
-0.576581,-11.223161,-0.843585
-0.576656,-11.222409,-0.843585
-0.576821,-11.221100,-0.843585
-0.577006,-11.220387,-0.843585
-0.578224,-11.219483,-0.843585
-0.578361,-11.219019,-0.843585
-0.578885,-11.218224,-0.843585
-0.579392,-11.217259,-0.843585
-0.579599,-11.215672,-0.843585
-0.580112,-11.214906,-0.843585
-0.580227,-11.214257,-0.843585
-0.581242,-11.213651,-0.843585
-0.581797,-11.212771,-0.843585
-0.582291,-11.211867,-0.843585
-0.582800,-11.210983,-0.843585
-0.583222,-11.210072,-0.843585
-0.583477,-11.209066,-0.843585
-0.584072,-11.208151,-0.843585
-0.584593,-11.207239,-0.843585
-0.585074,-11.206362,-0.843585
-0.585590,-11.205494,-0.843585
-0.586079,-11.204610,-0.843585
-0.586559,-11.203767,-0.843585
-0.587031,-11.202942,-0.843585
-0.587516,-11.202091,-0.843585
-0.587988,-11.201267,-0.843585
-0.588445,-11.200468,-0.843585
-0.588954,-11.199573,-0.843585
-0.589462,-11.198688,-0.843585
-0.589946,-11.197859,-0.843585
-0.590422,-11.197003,-0.843585
-0.590935,-11.196109,-0.843585
-0.591441,-11.195224,-0.843585
-0.591945,-11.194337,-0.843585
-0.592461,-11.193434,-0.843585
-0.592978,-11.192554,-0.843585
-0.593464,-11.191680,-0.843585
-0.593975,-11.190786,-0.843585
-0.594463,-11.189936,-0.843585
-0.594947,-11.189107,-0.843585
-0.595437,-11.188247,-0.843585
-0.595955,-11.187322,-0.843585
-0.596430,-11.186488,-0.843585
-0.596897,-11.185672,-0.843585
-0.597375,-11.184839,-0.843585
-0.597835,-11.184031,-0.843585
-0.598306,-11.183206,-0.843585
-0.598814,-11.182321,-0.843585
-0.599318,-11.181435,-0.843585
-0.599809,-11.180575,-0.843585
-0.600652,-11.179917,-0.843585
-0.601328,-11.179070,-0.843585
-0.601906,-11.178192,-0.843585
-0.602450,-11.177304,-0.843585
-0.603094,-11.176440,-0.843585
-0.603588,-11.175571,-0.843585
-0.604089,-11.174740,-0.843585
-0.604623,-11.173767,-0.843585
-0.605159,-11.172887,-0.843585
-0.605650,-11.172015,-0.843585
-0.606117,-11.171177,-0.843585
-0.606643,-11.170280,-0.843585
-0.607342,-11.169147,-0.843585
-0.607699,-11.168637,-0.843585
-0.608672,-11.167419,-0.843585
-0.608826,-11.167081,-0.843585
-0.609336,-11.166255,-0.843585
-0.609563,-11.164830,-0.843585
-0.610635,-11.164060,-0.843585
-0.610747,-11.163595,-0.843585
-0.611237,-11.162481,-0.843585
-0.611281,-11.161515,-0.843585
-0.612011,-11.160516,-0.843585
-0.612522,-11.160002,-0.843585
-0.612972,-11.159130,-0.843585
-0.613653,-11.158356,-0.843585
-0.613838,-11.157298,-0.843585
-0.614759,-11.156374,-0.843585
-0.615275,-11.155137,-0.843585
-0.615420,-11.154759,-0.843585
-0.616107,-11.153919,-0.843585
-0.616562,-11.153016,-0.843585
-0.617080,-11.152114,-0.843585
-0.617523,-11.151262,-0.843585
-0.618106,-11.150258,-0.843585
-0.618432,-11.149708,-0.843585
-0.618868,-11.148955,-0.843585
-0.619395,-11.148058,-0.843585
-0.619737,-11.146768,-0.843585
-0.620559,-11.145936,-0.843585
-0.620928,-11.145513,-0.843585
-0.621485,-11.144473,-0.843585
-0.621985,-11.143560,-0.843585
-0.622490,-11.142686,-0.843585
-0.623012,-11.141775,-0.843585
-0.623524,-11.140893,-0.843585
-0.624092,-11.140088,-0.843585
-0.624567,-11.139104,-0.843585
-0.625027,-11.138158,-0.843585
-0.625531,-11.137271,-0.843585
-0.626056,-11.136431,-0.843585
-0.626533,-11.135540,-0.843585
-0.626754,-11.134307,-0.843585
-0.627534,-11.133440,-0.843585
-0.627848,-11.132952,-0.843585
-0.628532,-11.132283,-0.843585
-0.629015,-11.131350,-0.843585
-0.629698,-11.130416,-0.843585
-0.630111,-11.129304,-0.843585
-0.630657,-11.128464,-0.843585
-0.630979,-11.127658,-0.843585
-0.631474,-11.127030,-0.843585
-0.631957,-11.126189,-0.843585
-0.632540,-11.125313,-0.843585
-0.633249,-11.124279,-0.843585
-0.633650,-11.123598,-0.843585
-0.634124,-11.122740,-0.843585
-0.634817,-11.121385,-0.843585
-0.635127,-11.120676,-0.843585
-0.635467,-11.120029,-0.843585
-0.635997,-11.119203,-0.843585
-0.636551,-11.118264,-0.843585
-0.637046,-11.117234,-0.843585
-0.637404,-11.116598,-0.843585
-0.637871,-11.115863,-0.843585
-0.638425,-11.114936,-0.843585
-0.638902,-11.114079,-0.843585
-0.639338,-11.113373,-0.843585
-0.639846,-11.112477,-0.843585
-0.640333,-11.111591,-0.843585
-0.640854,-11.110715,-0.843585
-0.641380,-11.109794,-0.843585
-0.641944,-11.108896,-0.843585
-0.642525,-11.108076,-0.843585
-0.642879,-11.106769,-0.843585
-0.643403,-11.106205,-0.843585
-0.643860,-11.105338,-0.843585
-0.644470,-11.104396,-0.843585
-0.644928,-11.103529,-0.843585
-0.645406,-11.102639,-0.843585
-0.645871,-11.101788,-0.843585
-0.646355,-11.100844,-0.843585
-0.646919,-11.099841,-0.843585
-0.647297,-11.099159,-0.843585
-0.647774,-11.098337,-0.843585
-0.648263,-11.097476,-0.843585
-0.648737,-11.096641,-0.843585
-0.649251,-11.095749,-0.843585
-0.649761,-11.094854,-0.843585
-0.650241,-11.094011,-0.843585
-0.650852,-11.092978,-0.843585
-0.651392,-11.092169,-0.843585
-0.651778,-11.091491,-0.843585
-0.652234,-11.090612,-0.843585
-0.652869,-11.089708,-0.843585
-0.653394,-11.088833,-0.843585
-0.653818,-11.087912,-0.843585
-0.654380,-11.086989,-0.843585
-0.654905,-11.085988,-0.843585
-0.655393,-11.085322,-0.843585
-0.655721,-11.084439,-0.843585
-0.656019,-11.083342,-0.843585
-0.656701,-11.082257,-0.843585
-0.657411,-11.082030,-0.843585
-0.658228,-11.080953,-0.843585
-0.658156,-11.080336,-0.843585
-0.658584,-11.079441,-0.843585
-0.659226,-11.078644,-0.843585
-0.659548,-11.077677,-0.843585
-0.660185,-11.076809,-0.843585
-0.660746,-11.076024,-0.843585
-0.661374,-11.074920,-0.843585
-0.661796,-11.074159,-0.843585
-0.662310,-11.073290,-0.843585
-0.662820,-11.072429,-0.843585
-0.663300,-11.071552,-0.843585
-0.663818,-11.070708,-0.843585
-0.664335,-11.069771,-0.843585
-0.664856,-11.068882,-0.843585
-0.665588,-11.067665,-0.843585
-0.666165,-11.066981,-0.843585
-0.666456,-11.066272,-0.843585
-0.667242,-11.065074,-0.843585
-0.667237,-11.064461,-0.843585
-0.667662,-11.063449,-0.843585
-0.668590,-11.062666,-0.843585
-0.669133,-11.062054,-0.843585
-0.669251,-11.060717,-0.843585
-0.669613,-11.059864,-0.843585
-0.670285,-11.059039,-0.843585
-0.670764,-11.058287,-0.843585
-0.671493,-11.057656,-0.843585
-0.672006,-11.056544,-0.843585
-0.672172,-11.055948,-0.843585
-0.672783,-11.055099,-0.843585
-0.673591,-11.053741,-0.843585
-0.674154,-11.052992,-0.843585
-0.674517,-11.052381,-0.843585
-0.674624,-11.051176,-0.843585
-0.675319,-11.050294,-0.843585
-0.675789,-11.049319,-0.843585
-0.676305,-11.048589,-0.843585
-0.676978,-11.048063,-0.843585
-0.677514,-11.047091,-0.843585
-0.677646,-11.046061,-0.843585
-0.678046,-11.045184,-0.843585
-0.678580,-11.044280,-0.843585
-0.679271,-11.043649,-0.843585
-0.680028,-11.043045,-0.843585
-0.680267,-11.042284,-0.843585
-0.681240,-11.041619,-0.843585
-0.681323,-11.040238,-0.843585
-0.681938,-11.039679,-0.843585
-0.682890,-11.038381,-0.843585
-0.683098,-11.037878,-0.843585
-0.683876,-11.036733,-0.843585
-0.683958,-11.035904,-0.843585
-0.684374,-11.034898,-0.843585
-0.685067,-11.033763,-0.843585
-0.685451,-11.032842,-0.843585
-0.685896,-11.032313,-0.843585
-0.686199,-11.031518,-0.843585
-0.686726,-11.030668,-0.843585
-0.687529,-11.029445,-0.843585
-0.687580,-11.028818,-0.843585
-0.688184,-11.028242,-0.843585
-0.688664,-11.027387,-0.843585
-0.689386,-11.026221,-0.843585
-0.689703,-11.025585,-0.843585
-0.690041,-11.024788,-0.843585
-0.690345,-11.023672,-0.843585
-0.691308,-11.022506,-0.843585
-0.691805,-11.022087,-0.843585
-0.692801,-11.021078,-0.843585
-0.692664,-11.019975,-0.843585
-0.693189,-11.019423,-0.843585
-0.693738,-11.018700,-0.843585
-0.694035,-11.017626,-0.843585
-0.694743,-11.016947,-0.843585
-0.695148,-11.016039,-0.843585
-0.695656,-11.015120,-0.843585
-0.696273,-11.014286,-0.843585
-0.697262,-11.013204,-0.843585
-0.697161,-11.012594,-0.843585
-0.697463,-11.011350,-0.843585
-0.698254,-11.010707,-0.843585
-0.698230,-11.009957,-0.843585
-0.699251,-11.008997,-0.843585
-0.699576,-11.008445,-0.843585
-0.700104,-11.007561,-0.843585
-0.700574,-11.006620,-0.843585
-0.701055,-11.005720,-0.843585
-0.701569,-11.004816,-0.843585
-0.702073,-11.003929,-0.843585
-0.702694,-11.002856,-0.843585
-0.703113,-11.002105,-0.843585
-0.703645,-11.001257,-0.843585
-0.704040,-11.000215,-0.843585
-0.704862,-10.999511,-0.843585
-0.705539,-10.998354,-0.843585
-0.706452,-10.997609,-0.843585
-0.706789,-10.997202,-0.843585
-0.707181,-10.996275,-0.843585
-0.707848,-10.995550,-0.843585
-0.708238,-10.994679,-0.843585
-0.708559,-10.993734,-0.843585
-0.709030,-10.992897,-0.843585
-0.709176,-10.991668,-0.843585
-0.709392,-10.990777,-0.843585
-0.710179,-10.990052,-0.843585
-0.710636,-10.989197,-0.843585
-0.710927,-10.988165,-0.843585
-0.711856,-10.987268,-0.843585
-0.712305,-10.986061,-0.843585
-0.712600,-10.985539,-0.843585
-0.713198,-10.984372,-0.843585
-0.713620,-10.983968,-0.843585
-0.714308,-10.983025,-0.843585
-0.714758,-10.982268,-0.843585
-0.714751,-10.980837,-0.843585
-0.715560,-10.980124,-0.843585
-0.716239,-10.979119,-0.843585
-0.716804,-10.978819,-0.843585
-0.717653,-10.977784,-0.843585
-0.717944,-10.977375,-0.843585
-0.718931,-10.976510,-0.843585
-0.719151,-10.975899,-0.843585
-0.719626,-10.975007,-0.843585
-0.719974,-10.974066,-0.843585
-0.720425,-10.973172,-0.843585
-0.721079,-10.972359,-0.843585
-0.721703,-10.971506,-0.843585
-0.722238,-10.970591,-0.843585
-0.722857,-10.969712,-0.843585
-0.722990,-10.968648,-0.843585
-0.723438,-10.967672,-0.843585
-0.724004,-10.966913,-0.843585
-0.724771,-10.965531,-0.843585
-0.725086,-10.964571,-0.843585
-0.725341,-10.963484,-0.843585
-0.725769,-10.962934,-0.843585
-0.726748,-10.962146,-0.843585
-0.726786,-10.961097,-0.843585
-0.727373,-10.960257,-0.843585
-0.727555,-10.959728,-0.843585
-0.728184,-10.958912,-0.843585
-0.728538,-10.958021,-0.843585
-0.729463,-10.957052,-0.843585
-0.730119,-10.955953,-0.843585
-0.730309,-10.955531,-0.843585
-0.730969,-10.954215,-0.843585
-0.731371,-10.953616,-0.843585
-0.731701,-10.952376,-0.843585
-0.732066,-10.951905,-0.843585
-0.732861,-10.950989,-0.843585
-0.732801,-10.949964,-0.843585
-0.733564,-10.949352,-0.843585
-0.734247,-10.947900,-0.843585
-0.734554,-10.947234,-0.843585
-0.735063,-10.946684,-0.843585
-0.735832,-10.945476,-0.843585
-0.736302,-10.944409,-0.843585
-0.736579,-10.944084,-0.843585
-0.736718,-10.942873,-0.843585
-0.737198,-10.941800,-0.843585
-0.738075,-10.941357,-0.843585
-0.738558,-10.940850,-0.843585
-0.739100,-10.939627,-0.843585
-0.739145,-10.938859,-0.843585
-0.739850,-10.937614,-0.843585
-0.740243,-10.936894,-0.843585
-0.740799,-10.935715,-0.843585
-0.741084,-10.934968,-0.843585
-0.741751,-10.933840,-0.843585
-0.742824,-10.933532,-0.843585
-0.743132,-10.933005,-0.843585
-0.743596,-10.931487,-0.843585
-0.744243,-10.930969,-0.843585
-0.744095,-10.929963,-0.843585
-0.744652,-10.928830,-0.843585
-0.745437,-10.928174,-0.843585
-0.745790,-10.927108,-0.843585
-0.746899,-10.926544,-0.843585
-0.746960,-10.925485,-0.843585
-0.747833,-10.924670,-0.843585
-0.747895,-10.924176,-0.843585
-0.748381,-10.923325,-0.843585
-0.749452,-10.922163,-0.843585
-0.749339,-10.921500,-0.843585
-0.749769,-10.920386,-0.843585
-0.750403,-10.919574,-0.843585
-0.751307,-10.918662,-0.843585
-0.751596,-10.918010,-0.843585
-0.751918,-10.916593,-0.843585
-0.752282,-10.915972,-0.843585
-0.753164,-10.915013,-0.843585
-0.752547,-10.914107,-0.843585
-0.754179,-10.913290,-0.843585
-0.754835,-10.912467,-0.843585
-0.755054,-10.912073,-0.843585
-0.755374,-10.911058,-0.843585
-0.756054,-10.910146,-0.843585
-0.756797,-10.909545,-0.843585
-0.757200,-10.908762,-0.843585
-0.757430,-10.907292,-0.843585
-0.757746,-10.906920,-0.843585
-0.758244,-10.906134,-0.843585
-0.758774,-10.905204,-0.843585
-0.759054,-10.904270,-0.843585
-0.759902,-10.903361,-0.843585
-0.760403,-10.902587,-0.843585
-0.760934,-10.901785,-0.843585
-0.762167,-10.900900,-0.843585
-0.762332,-10.900154,-0.843585
-0.762830,-10.899298,-0.843585
-0.763328,-10.898408,-0.843585
-0.764122,-10.897733,-0.843585
-0.765086,-10.896441,-0.843585
-0.764804,-10.895186,-0.843585
-0.765449,-10.894990,-0.843585
-0.765788,-10.893479,-0.843585
-0.766215,-10.892755,-0.843585
-0.766892,-10.891841,-0.843585
-0.767692,-10.891296,-0.843585
-0.767555,-10.890412,-0.843585
-0.768129,-10.889714,-0.843585
-0.768635,-10.888840,-0.843585
-0.769084,-10.887565,-0.843585
-0.769672,-10.886531,-0.843585
-0.770188,-10.885950,-0.843585
-0.770678,-10.884836,-0.843585
-0.770806,-10.884403,-0.843585
-0.771658,-10.883634,-0.843585
-0.772242,-10.882804,-0.843585
-0.772357,-10.881661,-0.843585
-0.772950,-10.880848,-0.843585
-0.773537,-10.879329,-0.843585
-0.774111,-10.879196,-0.843585
-0.774780,-10.878415,-0.843585
-0.775630,-10.877807,-0.843585
-0.776200,-10.876462,-0.843585
-0.776442,-10.875968,-0.843585
-0.776803,-10.874976,-0.843585
-0.777192,-10.874150,-0.843585
-0.777893,-10.873422,-0.843585
-0.778379,-10.872594,-0.843585
-0.778754,-10.871772,-0.843585
-0.779103,-10.870785,-0.843585
-0.779493,-10.869338,-0.843585
-0.780160,-10.869120,-0.843585
-0.780630,-10.867857,-0.843585
-0.780917,-10.866570,-0.843585
-0.780713,-10.865508,-0.843585
-0.781850,-10.864719,-0.843585
-0.782423,-10.863836,-0.843585
-0.782862,-10.863166,-0.843585
-0.783291,-10.862582,-0.843585
-0.783670,-10.861624,-0.843585
-0.784295,-10.860680,-0.843585
-0.785002,-10.859471,-0.843585
-0.785880,-10.858787,-0.843585
-0.786224,-10.858338,-0.843585
-0.786992,-10.857037,-0.843585
-0.787411,-10.856390,-0.843585
-0.787529,-10.855789,-0.843585
-0.787777,-10.854837,-0.843585
-0.788220,-10.853916,-0.843585
-0.788644,-10.852810,-0.843585
-0.789359,-10.851768,-0.843585
-0.789941,-10.851110,-0.843585
-0.790050,-10.850470,-0.843585
-0.790738,-10.849561,-0.843585
-0.791147,-10.848712,-0.843585
-0.791743,-10.847383,-0.843585
-0.792663,-10.846665,-0.843585
-0.792437,-10.845960,-0.843585
-0.793435,-10.845355,-0.843585
-0.793896,-10.843880,-0.843585
-0.793952,-10.843312,-0.843585
-0.794733,-10.841985,-0.843585
-0.795172,-10.841222,-0.843585
-0.795644,-10.840502,-0.843585
-0.796698,-10.839791,-0.843585
-0.797102,-10.839135,-0.843585
-0.797478,-10.838509,-0.843585
-0.797845,-10.837694,-0.843585
-0.798218,-10.836766,-0.843585
-0.798719,-10.835671,-0.843585
-0.799132,-10.834490,-0.843585
-0.799977,-10.834040,-0.843585
-0.800615,-10.833218,-0.843585
-0.801063,-10.832092,-0.843585
-0.801201,-10.831468,-0.843585
-0.801657,-10.830520,-0.843585
-0.802058,-10.829493,-0.843585
-0.802452,-10.827945,-0.843585
-0.803070,-10.827826,-0.843585
-0.804114,-10.826902,-0.843585
-0.804380,-10.825845,-0.843585
-0.804810,-10.824570,-0.843585
-0.805539,-10.823938,-0.843585
-0.805873,-10.823173,-0.843585
-0.807061,-10.822482,-0.843585
-0.806929,-10.821900,-0.843585
-0.807649,-10.820791,-0.843585
-0.807945,-10.820073,-0.843585
-0.808444,-10.819402,-0.843585
-0.808663,-10.818318,-0.843585
-0.809275,-10.817470,-0.843585
-0.809707,-10.816634,-0.843585
-0.810139,-10.815729,-0.843585
-0.811193,-10.814592,-0.843585
-0.811108,-10.813933,-0.843585
-0.811842,-10.813201,-0.843585
-0.812209,-10.812259,-0.843585
-0.813035,-10.810946,-0.843585
-0.813210,-10.810493,-0.843585
-0.813454,-10.809469,-0.843585
-0.814299,-10.808708,-0.843585
-0.814856,-10.808024,-0.843585
-0.815115,-10.806997,-0.843585
-0.815927,-10.806010,-0.843585
-0.816075,-10.805243,-0.843585
-0.816705,-10.804001,-0.843585
-0.816935,-10.803522,-0.843585
-0.817672,-10.802274,-0.843585
-0.818382,-10.801585,-0.843585
-0.818875,-10.800727,-0.843585
-0.819115,-10.800104,-0.843585
-0.819463,-10.799300,-0.843585
-0.820218,-10.798695,-0.843585
-0.820725,-10.797695,-0.843585
-0.821235,-10.796789,-0.843585
-0.821873,-10.795921,-0.843585
-0.822293,-10.794975,-0.843585
-0.822851,-10.794153,-0.843585
-0.823323,-10.793306,-0.843585
-0.823940,-10.792276,-0.843585
-0.824398,-10.791444,-0.843585
-0.824902,-10.790580,-0.843585
-0.825388,-10.789729,-0.843585
-0.826006,-10.788643,-0.843585
-0.826430,-10.788032,-0.843585
-0.827089,-10.787166,-0.843585
-0.827457,-10.786386,-0.843585
-0.828006,-10.785491,-0.843585
-0.828125,-10.783911,-0.843585
-0.828708,-10.783162,-0.843585
-0.829403,-10.782937,-0.843585
-0.829373,-10.781757,-0.843585
-0.830018,-10.780916,-0.843585
-0.830742,-10.780258,-0.843585
-0.831175,-10.778916,-0.843585
-0.832211,-10.778346,-0.843585
-0.832578,-10.777323,-0.843585
-0.833097,-10.776410,-0.843585
-0.833462,-10.775593,-0.843585
-0.833518,-10.774335,-0.843585
-0.833968,-10.773591,-0.843585
-0.834549,-10.772656,-0.843585
-0.835079,-10.771910,-0.843585
-0.835842,-10.771091,-0.843585
-0.836264,-10.770146,-0.843585
-0.836472,-10.769436,-0.843585
-0.837245,-10.768553,-0.843585
-0.837578,-10.767660,-0.843585
-0.838025,-10.767075,-0.843585
-0.838520,-10.766356,-0.843585
-0.838952,-10.765347,-0.843585
-0.839606,-10.764316,-0.843585
-0.840129,-10.763555,-0.843585
-0.840385,-10.762918,-0.843585
-0.840816,-10.761771,-0.843585
-0.841716,-10.760592,-0.843585
-0.842148,-10.759998,-0.843585
-0.842610,-10.759352,-0.843585
-0.843324,-10.758136,-0.843585
-0.843705,-10.757536,-0.843585
-0.843667,-10.756271,-0.843585
-0.844259,-10.755377,-0.843585
-0.845138,-10.754439,-0.843585
-0.845779,-10.754080,-0.843585
-0.846508,-10.752884,-0.843585
-0.846306,-10.751824,-0.843585
-0.846953,-10.751284,-0.843585
-0.847453,-10.750591,-0.843585
-0.848010,-10.749446,-0.843585
-0.848442,-10.748864,-0.843585
-0.849051,-10.747830,-0.843585
-0.849414,-10.747069,-0.843585
-0.849796,-10.746275,-0.843585
-0.850398,-10.745386,-0.843585
-0.851009,-10.744526,-0.843585
-0.851866,-10.743288,-0.843585
-0.851780,-10.742617,-0.843585
-0.852087,-10.741410,-0.843585
-0.853007,-10.740335,-0.843585
-0.853594,-10.739841,-0.843585
-0.853728,-10.739042,-0.843585
-0.854606,-10.738254,-0.843585
-0.854623,-10.736663,-0.843585
-0.855334,-10.736079,-0.843585
-0.855921,-10.735516,-0.843585
-0.857100,-10.734807,-0.843585
-0.856881,-10.734198,-0.843585
-0.857623,-10.733136,-0.843585
-0.858180,-10.732096,-0.843585
-0.858708,-10.731948,-0.843585
-0.858931,-10.730774,-0.843585
-0.859732,-10.730149,-0.843585
-0.859736,-10.728977,-0.843585
-0.860534,-10.728235,-0.843585
-0.861033,-10.726701,-0.843585
-0.860909,-10.725731,-0.843585
-0.861687,-10.725324,-0.843585
-0.862483,-10.724373,-0.843585
-0.862998,-10.723193,-0.843585
-0.863779,-10.723075,-0.843585
-0.864329,-10.721558,-0.843585
-0.864572,-10.720845,-0.843585
-0.864820,-10.720169,-0.843585
-0.865668,-10.719121,-0.843585
-0.865904,-10.718427,-0.843585
-0.866453,-10.717589,-0.843585
-0.867037,-10.716115,-0.843585
-0.867469,-10.715601,-0.843585
-0.867767,-10.714689,-0.843585
-0.868876,-10.713975,-0.843585
-0.868719,-10.713241,-0.843585
-0.869211,-10.712139,-0.843585
-0.869825,-10.711338,-0.843585
-0.870665,-10.710287,-0.843585
-0.871288,-10.710136,-0.843585
-0.871914,-10.708893,-0.843585
-0.872143,-10.708125,-0.843585
-0.872984,-10.706855,-0.843585
-0.873318,-10.706055,-0.843585
-0.874062,-10.705697,-0.843585
-0.874709,-10.704616,-0.843585
-0.875149,-10.703704,-0.843585
-0.875274,-10.702820,-0.843585
-0.875581,-10.701417,-0.843585
-0.876368,-10.701061,-0.843585
-0.876430,-10.700393,-0.843585
-0.876741,-10.699420,-0.843585
-0.877292,-10.698629,-0.843585
-0.877908,-10.697886,-0.843585
-0.878490,-10.696883,-0.843585
-0.879051,-10.695614,-0.843585
-0.879566,-10.694987,-0.843585
-0.880080,-10.694325,-0.843585
-0.880420,-10.693160,-0.843585
-0.880787,-10.692448,-0.843585
-0.881224,-10.691546,-0.843585
-0.882020,-10.690412,-0.843585
-0.882457,-10.689348,-0.843585
-0.882937,-10.688759,-0.843585
-0.883093,-10.687984,-0.843585
-0.883825,-10.686525,-0.843585
-0.884648,-10.685970,-0.843585
-0.884970,-10.685313,-0.843585
-0.885628,-10.684572,-0.843585
-0.886023,-10.683577,-0.843585
-0.886637,-10.682557,-0.843585
-0.886858,-10.682073,-0.843585
-0.887473,-10.681308,-0.843585
-0.887860,-10.680446,-0.843585
-0.888302,-10.679478,-0.843585
-0.888818,-10.678310,-0.843585
-0.889422,-10.677630,-0.843585
-0.889880,-10.676970,-0.843585
-0.890354,-10.675560,-0.843585
-0.890642,-10.674757,-0.843585
-0.891285,-10.673742,-0.843585
-0.891837,-10.673113,-0.843585
-0.892744,-10.672215,-0.843585
-0.893074,-10.671240,-0.843585
-0.893412,-10.670868,-0.843585
-0.894082,-10.669627,-0.843585
-0.894912,-10.668904,-0.843585
-0.895065,-10.668381,-0.843585
-0.895570,-10.667127,-0.843585
-0.896012,-10.666354,-0.843585
-0.896463,-10.665448,-0.843585
-0.896397,-10.664098,-0.843585
-0.897165,-10.663500,-0.843585
-0.897985,-10.662794,-0.843585
-0.898232,-10.661910,-0.843585
-0.898503,-10.661327,-0.843585
-0.899278,-10.660008,-0.843585
-0.899596,-10.659418,-0.843585
-0.900395,-10.658527,-0.843585
-0.900612,-10.657534,-0.843585
-0.901376,-10.656565,-0.843585
-0.901631,-10.655962,-0.843585
-0.902091,-10.655085,-0.843585
-0.902768,-10.654113,-0.843585
-0.903235,-10.653205,-0.843585
-0.903714,-10.652396,-0.843585
-0.904203,-10.651512,-0.843585
-0.904668,-10.650672,-0.843585
-0.905219,-10.649743,-0.843585
-0.905664,-10.648926,-0.843585
-0.906164,-10.648107,-0.843585
-0.906649,-10.647278,-0.843585
-0.907125,-10.646421,-0.843585
-0.907603,-10.645589,-0.843585
-0.908113,-10.644694,-0.843585
-0.908629,-10.643791,-0.843585
-0.909116,-10.642941,-0.843585
-0.909648,-10.642129,-0.843585
-0.910460,-10.640830,-0.843585
-0.910711,-10.640398,-0.843585
-0.911038,-10.639479,-0.843585
-0.911578,-10.638313,-0.843585
-0.912436,-10.637468,-0.843585
-0.913563,-10.636890,-0.843585
-0.913614,-10.635722,-0.843585
-0.913945,-10.635024,-0.843585
-0.914291,-10.634416,-0.843585
-0.914734,-10.633482,-0.843585
-0.915344,-10.632380,-0.843585
-0.915654,-10.631521,-0.843585
-0.916408,-10.630454,-0.843585
-0.916651,-10.629557,-0.843585
-0.917114,-10.629245,-0.843585
-0.917976,-10.628286,-0.843585
-0.917997,-10.627665,-0.843585
-0.918471,-10.626658,-0.843585
-0.919050,-10.625721,-0.843585
-0.919634,-10.624685,-0.843585
-0.919776,-10.623487,-0.843585
-0.919853,-10.622760,-0.843585
-0.919198,-10.621118,-0.843585
-0.919497,-10.620080,-0.843585
-0.919837,-10.619111,-0.843585
-0.922109,-10.619269,-0.843585
-0.923018,-10.618326,-0.843585
-0.923486,-10.617683,-0.843585
-0.924029,-10.616842,-0.843585
-0.924001,-10.615662,-0.843585
-0.924811,-10.614927,-0.843585
-0.925758,-10.613775,-0.843585
-0.926066,-10.613042,-0.843585
-0.926566,-10.612268,-0.843585
-0.926914,-10.611384,-0.843585
-0.927648,-10.610525,-0.843585
-0.928375,-10.609650,-0.843585
-0.928491,-10.609083,-0.843585
-0.929065,-10.608236,-0.843585
-0.929473,-10.607410,-0.843585
-0.930000,-10.606490,-0.843585
-0.930785,-10.605292,-0.843585
-0.931066,-10.604588,-0.843585
-0.931588,-10.604000,-0.843585
-0.932090,-10.603078,-0.843585
-0.932441,-10.602057,-0.843585
-0.933419,-10.601361,-0.843585
-0.933499,-10.600059,-0.843585
-0.934071,-10.599280,-0.843585
-0.934684,-10.598548,-0.843585
-0.935050,-10.597766,-0.843585
-0.935855,-10.596741,-0.843585
-0.935117,-10.595639,-0.843585
-0.935635,-10.594415,-0.843585
-0.926111,-10.587994,-0.843585
-0.924571,-10.586388,-0.843585
-0.924634,-10.585307,-0.843585
-0.925374,-10.584567,-0.843585
-0.931171,-10.586463,-0.843585
-0.933353,-10.586258,-0.843585
-0.933610,-10.585196,-0.843585
-0.935355,-10.585525,-0.843585
-0.937133,-10.585285,-0.843585
-0.938068,-10.584656,-0.843585
-0.938611,-10.583803,-0.843585
-0.939049,-10.582902,-0.843585
-0.939366,-10.581666,-0.843585
-0.938658,-10.579753,-0.843585
-0.936244,-10.577556,-0.843585
-0.933627,-10.574840,-0.843585
-0.927405,-10.569995,-0.843585
-0.922863,-10.566270,-0.843585
-0.918534,-10.562668,-0.843585
-0.918555,-10.561805,-0.843585
-0.918438,-10.560805,-0.843585
-0.915015,-10.557133,-0.843585
-0.913850,-10.555857,-0.843585
-0.914055,-10.554810,-0.843585
-0.914531,-10.553977,-0.843585
-0.915050,-10.553133,-0.843585
-0.916066,-10.552539,-0.843585
-0.918379,-10.552732,-0.843585
-0.921375,-10.553235,-0.843585
-0.926126,-10.554349,-0.843585
-0.933276,-10.557167,-0.843585
-0.946383,-10.563574,-0.843585
-0.948540,-10.564035,-0.843585
-0.949239,-10.563294,-0.843585
-0.949727,-10.562410,-0.843585
-0.950504,-10.561690,-0.843585
-0.950992,-10.560795,-0.843585
-0.951385,-10.559960,-0.843585
-0.952034,-10.559236,-0.843585
-0.952182,-10.557800,-0.843585
-0.948273,-10.554576,-0.843585
-0.933743,-10.545226,-0.843585
-0.933259,-10.544097,-0.843585
-0.933500,-10.543106,-0.843585
-0.933805,-10.542059,-0.843585
-0.933540,-10.540779,-0.843585
-0.932789,-10.539163,-0.843585
-0.931730,-10.537314,-0.843585
-0.931996,-10.536315,-0.843585
-0.932501,-10.535417,-0.843585
-0.932991,-10.534557,-0.843585
-0.933484,-10.533698,-0.843585
-0.933982,-10.532785,-0.843585
-0.934378,-10.531825,-0.843585
-0.934834,-10.530911,-0.843585
-0.934767,-10.529755,-0.843585
-0.933570,-10.527459,-0.843585
-0.933446,-10.526663,-0.843585
-0.933484,-10.525590,-0.843585
-0.933920,-10.524722,-0.843585
-0.925459,-10.518367,-0.843585
-0.924096,-10.516863,-0.843585
-0.924454,-10.515961,-0.843585
-0.924969,-10.515047,-0.843585
-0.920793,-10.511105,-0.843585
-0.919151,-10.509534,-0.843585
-0.917715,-10.507458,-0.843585
-0.917793,-10.506327,-0.843585
-0.918283,-10.505444,-0.843585
-0.918803,-10.504532,-0.843585
-0.919317,-10.503640,-0.843585
-0.924329,-10.504949,-0.843585
-0.941514,-10.513605,-0.843585
-0.963319,-10.524936,-0.843585
-0.965297,-10.524972,-0.843585
-0.965072,-10.524072,-0.843585
-0.965559,-10.523129,-0.843585
-0.966044,-10.522289,-0.843585
-0.966496,-10.521476,-0.843585
-0.966971,-10.520653,-0.843585
-0.967036,-10.519608,-0.843585
-0.966584,-10.518244,-0.843585
-0.962220,-10.514126,-0.843585
-0.948378,-10.505157,-0.843585
-0.928231,-10.492574,-0.843585
-0.925094,-10.489561,-0.843585
-0.921325,-10.486152,-0.843585
-0.918957,-10.483382,-0.843585
-0.917862,-10.482180,-0.843585
-0.914503,-10.478764,-0.843585
-0.912633,-10.476521,-0.843585
-0.911824,-10.475264,-0.843585
-0.912258,-10.474222,-0.843585
-0.912770,-10.473316,-0.843585
-0.912027,-10.471729,-0.843585
-0.912129,-10.470670,-0.843585
-0.912648,-10.469757,-0.843585
-0.913130,-10.468927,-0.843585
-0.912209,-10.467306,-0.843585
-0.912264,-10.466232,-0.843585
-0.912752,-10.465394,-0.843585
-0.913213,-10.464586,-0.843585
-0.913717,-10.463699,-0.843585
-0.919538,-10.465493,-0.843585
-0.921357,-10.465830,-0.843585
-0.922207,-10.465107,-0.843585
-0.922738,-10.464178,-0.843585
-0.923225,-10.463327,-0.843585
-0.923926,-10.462599,-0.843585
-0.925374,-10.462229,-0.843585
-0.926842,-10.461893,-0.843585
-0.927761,-10.461244,-0.843585
-0.928267,-10.460359,-0.843585
-0.928755,-10.459509,-0.843585
-0.929235,-10.458666,-0.843585
-0.929736,-10.457789,-0.843585
-0.933287,-10.458160,-0.843585
-0.937375,-10.459712,-0.843585
-0.939477,-10.459980,-0.843585
-0.941560,-10.460042,-0.843585
-0.942376,-10.459437,-0.843585
-0.942959,-10.458676,-0.843585
-0.945651,-10.458602,-0.843585
-0.948193,-10.459341,-0.843585
-0.957196,-10.462930,-0.843585
-0.978453,-10.474097,-0.843585
-0.980696,-10.474388,-0.843585
-0.981661,-10.473776,-0.843585
-0.982203,-10.472842,-0.843585
-0.982715,-10.471960,-0.843585
-0.983221,-10.471086,-0.843585
-0.983715,-10.470217,-0.843585
-0.984260,-10.469272,-0.843585
-0.984770,-10.468378,-0.843585
-0.982812,-10.465739,-0.843585
-0.982396,-10.464718,-0.843585
-0.984954,-10.464751,-0.843585
-0.986609,-10.464810,-0.843585
-0.987267,-10.464126,-0.843585
-0.987749,-10.463262,-0.843585
-0.988238,-10.462413,-0.843585
-0.988713,-10.461590,-0.843585
-0.989201,-10.460682,-0.843585
-0.989574,-10.459720,-0.843585
-0.990062,-10.458871,-0.843585
-0.990545,-10.458018,-0.843585
-0.990989,-10.457097,-0.843585
-0.981354,-10.450071,-0.843585
-0.971889,-10.443500,-0.843585
-0.970591,-10.442032,-0.843585
-0.965783,-10.437592,-0.843585
-0.964461,-10.436215,-0.843585
-0.964442,-10.435029,-0.843585
-0.964071,-10.433596,-0.843585
-0.963930,-10.432398,-0.843585
-0.964414,-10.431523,-0.843585
-0.964928,-10.430607,-0.843585
-0.965611,-10.429927,-0.843585
-0.970349,-10.431275,-0.843585
-0.990540,-10.441707,-0.843585
-0.992618,-10.442076,-0.843585
-0.993108,-10.441343,-0.843585
-0.992925,-10.439729,-0.843585
-0.992596,-10.438689,-0.843585
-0.993139,-10.437870,-0.843585
-0.994580,-10.437507,-0.843585
-0.997454,-10.437964,-0.843585
-0.999640,-10.437969,-0.843585
-1.000288,-10.437141,-0.843585
-1.000807,-10.436252,-0.843585
-1.001308,-10.435363,-0.843585
-1.001807,-10.434496,-0.843585
-1.002337,-10.433567,-0.843585
-1.002842,-10.432681,-0.843585
-1.003343,-10.431804,-0.843585
-1.003831,-10.430954,-0.843585
-1.004345,-10.430050,-0.843585
-1.004818,-10.429226,-0.843585
-1.005308,-10.428365,-0.843585
-1.005786,-10.427533,-0.843585
-1.006277,-10.426673,-0.843585
-1.006756,-10.425830,-0.843585
-1.007260,-10.424955,-0.843585
-1.007775,-10.424040,-0.843585
-1.007993,-10.422574,-0.843585
-1.007483,-10.421650,-0.843585
-1.007813,-10.420664,-0.843585
-1.008304,-10.419804,-0.843585
-1.008815,-10.418921,-0.843585
-1.009305,-10.418050,-0.843585
-1.009815,-10.417155,-0.843585
-1.009356,-10.415487,-0.843585
-1.000261,-10.408966,-0.843585
-0.999026,-10.407500,-0.843585
-0.999253,-10.406501,-0.843585
-0.999756,-10.405602,-0.843585
-1.000264,-10.404706,-0.843585
-1.000734,-10.403892,-0.843585
-1.001183,-10.403100,-0.843585
-1.001662,-10.402303,-0.843585
-1.002537,-10.401755,-0.843585
-1.012242,-10.405826,-0.843585
-1.014198,-10.406207,-0.843585
-1.014892,-10.405440,-0.843585
-1.015409,-10.404514,-0.843585
-1.015907,-10.403659,-0.843585
-1.016444,-10.402710,-0.843585
-1.016960,-10.401807,-0.843585
-1.017474,-10.400915,-0.843585
-1.017979,-10.400029,-0.843585
-1.016309,-10.397565,-0.843585
-1.015993,-10.396659,-0.843585
-1.016141,-10.395523,-0.843585
-1.016661,-10.394599,-0.843585
-1.017165,-10.393724,-0.843585
-1.017652,-10.392874,-0.843585
-1.018168,-10.391959,-0.843585
-1.018425,-10.390977,-0.843585
-1.015067,-10.387688,-0.843585
-1.013670,-10.386014,-0.843585
-1.011070,-10.383147,-0.843585
-1.009962,-10.381673,-0.843585
-1.010315,-10.380677,-0.843585
-1.010814,-10.379810,-0.843585
-1.011296,-10.378957,-0.843585
-1.011778,-10.378115,-0.843585
-1.012285,-10.377230,-0.843585
-1.012786,-10.376353,-0.843585
-1.013287,-10.375476,-0.843585
-1.013804,-10.374573,-0.843585
-1.014313,-10.373678,-0.843585
-1.014810,-10.372810,-0.843585
-1.015350,-10.371864,-0.843585
-1.015841,-10.371004,-0.843585
-1.016313,-10.370180,-0.843585
-1.017007,-10.369424,-0.843585
-1.018596,-10.369169,-0.843585
-1.020169,-10.368973,-0.843585
-1.024544,-10.370137,-0.843585
-1.026368,-10.370339,-0.843585
-1.027006,-10.369713,-0.843585
-1.027486,-10.368858,-0.843585
-1.028003,-10.367956,-0.843585
-1.028521,-10.367054,-0.843585
-1.029019,-10.366176,-0.843585
-1.029526,-10.365291,-0.843585
-1.030046,-10.364378,-0.843585
-1.030553,-10.363493,-0.843585
-1.031049,-10.362625,-0.843585
-1.031551,-10.361748,-0.843585
-1.032047,-10.360880,-0.843585
-1.032533,-10.360029,-0.843585
-1.031583,-10.357931,-0.843585
-1.030661,-10.356576,-0.843585
-1.031014,-10.355603,-0.843585
-1.031521,-10.354683,-0.843585
-1.031766,-10.353648,-0.843585
-1.031874,-10.352592,-0.843585
-1.032343,-10.351743,-0.843585
-1.032818,-10.350921,-0.843585
-1.033301,-10.350080,-0.843585
-1.033772,-10.349243,-0.843585
-1.034275,-10.348367,-0.843585
-1.034771,-10.347499,-0.843585
-1.035257,-10.346648,-0.843585
-1.035743,-10.345797,-0.843585
-1.036255,-10.344903,-0.843585
-1.036851,-10.344069,-0.843585
-1.037626,-10.343326,-0.843585
-1.038139,-10.342455,-0.843585
-1.038649,-10.341549,-0.843585
-1.039159,-10.340654,-0.843585
-1.039674,-10.339762,-0.843585
-1.040156,-10.338909,-0.843585
-1.040629,-10.338085,-0.843585
-1.041130,-10.337208,-0.843585
-1.041646,-10.336305,-0.843585
-1.042122,-10.335471,-0.843585
-1.042566,-10.334655,-0.843585
-1.043032,-10.333827,-0.843585
-1.043495,-10.333021,-0.843585
-1.043964,-10.332194,-0.843585
-1.044480,-10.331291,-0.843585
-1.044987,-10.330406,-0.843585
-1.045487,-10.329529,-0.843585
-1.045998,-10.328634,-0.843585
-1.046514,-10.327731,-0.843585
-1.047020,-10.326846,-0.843585
-1.047531,-10.325951,-0.843585
-1.048034,-10.325076,-0.843585
-1.048529,-10.324207,-0.843585
-1.049023,-10.323338,-0.843585
-1.049567,-10.322393,-0.843585
-1.050076,-10.321497,-0.843585
-1.050578,-10.320621,-0.843585
-1.051074,-10.319753,-0.843585
-1.051584,-10.318858,-0.843585
-1.052056,-10.318034,-0.843585
-1.052532,-10.317199,-0.843585
-1.053004,-10.316375,-0.843585
-1.053474,-10.315550,-0.843585
-1.053945,-10.314724,-0.843585
-1.054452,-10.313839,-0.843585
