X                ,Y                    ,Slice
0.871050452310786,-0.0156344548055175  ,Slice 1
1.74210090462157 ,-8.64649943417467E-05,Slice 1
2.61315135693236 ,0.017325673874762    ,Slice 1
3.48420180924314 ,0.0313606929743394   ,Slice 1
4.35525226155393 ,0.0330400985599902   ,Slice 1
5.22630271386471 ,0.0203056983511022   ,Slice 1
6.0973531661755  ,0.00287052640368473  ,Slice 1
6.96840361848628 ,-0.0101189111145491  ,Slice 1
7.83945407079707 ,-0.0175506572154133  ,Slice 1
8.71050452310785 ,-0.0217034749537574  ,Slice 1
9.58155497541864 ,-0.0217916601271238  ,Slice 1
10.4526054277294 ,-0.0150123483749458  ,Slice 1
11.3236558800402 ,-0.00136691911460214 ,Slice 1
12.194706332351  ,0.0160222079089835   ,Slice 1
13.0657567846618 ,0.0320315063664953   ,Slice 1
13.9368072369726 ,0.0386126038621681   ,Slice 1
14.8078576892834 ,0.029976421477669    ,Slice 1
15.6789081415941 ,0.0117956386654566   ,Slice 1
16.5499585939049 ,-0.00480235807116212 ,Slice 1
17.4210090462157 ,-0.0151355037529374  ,Slice 1
18.2920594985265 ,-0.0214898814452574  ,Slice 1
19.1631099508373 ,-0.026385289237631   ,Slice 1
20.0341604031481 ,-0.0271713326392384  ,Slice 1
20.9052108554589 ,-0.0201982610796273  ,Slice 1
21.7762613077696 ,-0.00652514421736823 ,Slice 1
22.6473117600804 ,0.0103408625530503   ,Slice 1
23.5183622123912 ,0.0256317729942843   ,Slice 1
24.389412664702  ,0.0302107356066763   ,Slice 1
25.2604631170128 ,0.0194823241922413   ,Slice 1
26.1315135693236 ,0.00231350645634246  ,Slice 1
27.0025640216343 ,-0.0109655057811904  ,Slice 1
27.8736144739451 ,-0.0196273090801044  ,Slice 1
28.7446649262559 ,-0.0265010046441154  ,Slice 1
29.6157153785667 ,-0.0298497461304418  ,Slice 1
30.4867658308775 ,-0.0259911877855229  ,Slice 1
31.3578162831883 ,-0.0147975138966102  ,Slice 1
32.2288667354991 ,0.000890811668631524 ,Slice 1
33.0999171878098 ,0.0187994154727805   ,Slice 1
33.9709676401206 ,0.0328463144745396   ,Slice 1
34.8420180924314 ,0.0321134732519468   ,Slice 1
35.7130685447422 ,0.0166774542723796   ,Slice 1
36.584118997053  ,-0.00136543671546334 ,Slice 1
37.4551694493638 ,-0.0143153319790173  ,Slice 1
38.3262199016745 ,-0.0228501084061987  ,Slice 1
39.1972703539853 ,-0.02855736194707    ,Slice 1
40.0683208062961 ,-0.0289555993125558  ,Slice 1
40.9393712586069 ,-0.0211023152838496  ,Slice 1
41.8104217109177 ,-0.00597692747336711 ,Slice 1
42.6814721632285 ,0.013117920758327    ,Slice 1
43.5525226155393 ,0.0311392783480349   ,Slice 1
44.42357306785   ,0.0379000210384276   ,Slice 1
45.2946235201608 ,0.0272770450185412   ,Slice 1
46.1656739724716 ,0.00790725273371937  ,Slice 1
47.0367244247824 ,-0.00829365932492137 ,Slice 1
47.9077748770932 ,-0.0187591764152752  ,Slice 1
48.778825329404  ,-0.0262413345430546  ,Slice 1
49.6498757817148 ,-0.0300923858365969  ,Slice 1
50.5209262340255 ,-0.0274295079784163  ,Slice 1
51.3919766863363 ,-0.017839388024326   ,Slice 1
52.2630271386471 ,-0.00257375967175598 ,Slice 1
53.1340775909579 ,0.0161290219502763   ,Slice 1
54.0051280432687 ,0.0318490534768481   ,Slice 1
54.8761784955795 ,0.0336025408826868   ,Slice 1
55.7472289478902 ,0.0195138459759221   ,Slice 1
56.618279400201  ,0.000803822972310865 ,Slice 1
57.4893298525118 ,-0.0141306510602946  ,Slice 1
58.3603803048226 ,-0.0248880873239786  ,Slice 1
59.2314307571334 ,-0.0319727956073545  ,Slice 1
60.1024812094442 ,-0.0330152079642478  ,Slice 1
60.9735316617549 ,-0.0262182537396414  ,Slice 1
61.8445821140657 ,-0.013578778453559   ,Slice 1
62.7156325663765 ,0.0026098057822626   ,Slice 1
63.5866830186873 ,0.021054624094039    ,Slice 1
64.4577334709981 ,0.0341289880190289   ,Slice 1
65.3287839233089 ,0.0313362593950151   ,Slice 1
66.1998343756197 ,0.0144126372138946   ,Slice 1
67.0708848279304 ,-0.00532091122329464 ,Slice 1
67.9419352802412 ,-0.0213852828469272  ,Slice 1
68.812985732552  ,-0.0332478355915863  ,Slice 1
69.6840361848628 ,-0.0392583304636122  ,Slice 1
70.5550866371736 ,-0.0370610646379259  ,Slice 1
71.4261370894843 ,-0.0271940363216425  ,Slice 1
72.2971875417951 ,-0.0121040853844329  ,Slice 1
73.1682379941059 ,0.00656581140554381  ,Slice 1
74.0392884464167 ,0.0249104284690865   ,Slice 1
74.9103388987275 ,0.031645280557257    ,Slice 1
75.7813893510383 ,0.0203190196187526   ,Slice 1
76.652439803349  ,0.000791255376360162 ,Slice 1
77.5234902556598 ,-0.0150153818329484  ,Slice 1
78.3945407079706 ,-0.0250436285295718  ,Slice 1
79.2655911602814 ,-0.0311072498822464  ,Slice 1
80.1366416125922 ,-0.0321886807702877  ,Slice 1
81.0076920649029 ,-0.0263075182691301  ,Slice 1
81.8787425172137 ,-0.01441713011171    ,Slice 1
82.7497929695245 ,0.00152423250239884  ,Slice 1
83.6208434218353 ,0.0205054828643236   ,Slice 1
84.4918938741461 ,0.0360696292964086   ,Slice 1
85.3629443264569 ,0.0371587792953429   ,Slice 1
86.2339947787676 ,0.0235412750295868   ,Slice 1
87.1050452310784 ,0.00656588813082034  ,Slice 1
87.9760956833892 ,-0.00740297745151121 ,Slice 1
88.8471461357    ,-0.018893185218498   ,Slice 1
89.7181965880108 ,-0.0256823016917111  ,Slice 1
90.5892470403215 ,-0.0243870035280168  ,Slice 1
91.4602974926323 ,-0.0152891372698589  ,Slice 1
92.3313479449431 ,-0.000676982386473426,Slice 1
93.2023983972539 ,0.0176493921118125   ,Slice 1
94.0734488495647 ,0.0351160857197815   ,Slice 1
94.9444993018754 ,0.0407418412015578   ,Slice 1
95.8155497541862 ,0.0293432741731504   ,Slice 1
96.686600206497  ,0.0105493251850849   ,Slice 1
97.5576506588078 ,-0.00574752854247678 ,Slice 1
98.4287011111186 ,-0.0185722794054525  ,Slice 1
99.2997515634294 ,-0.0281411377182533  ,Slice 1
100.17080201574  ,-0.0316894252355598  ,Slice 1
101.041852468051 ,-0.0275085017564649  ,Slice 1
101.912902920362 ,-0.0171725925119169  ,Slice 1
102.783953372673 ,-0.00227288615387139 ,Slice 1
103.655003824983 ,0.0164432585011609   ,Slice 1
104.526054277294 ,0.0326741286362233   ,Slice 1
105.397104729605 ,0.0354315885325208   ,Slice 1
106.268155181916 ,0.022900589806756    ,Slice 1
107.139205634226 ,0.00547135859879969  ,Slice 1
108.010256086537 ,-0.00959852285434689 ,Slice 1
108.881306538848 ,-0.0225171635992648  ,Slice 1
109.752356991159 ,-0.0308567868460228  ,Slice 1
110.62340744347  ,-0.0308071869980253  ,Slice 1
111.49445789578  ,-0.0229618159334084  ,Slice 1
112.365508348091 ,-0.0093841738764421  ,Slice 1
113.236558800402 ,0.00937792601052047  ,Slice 1
114.107609252713 ,0.0300586405719148   ,Slice 1
114.978659705023 ,0.0416574100275005   ,Slice 1
115.849710157334 ,0.0357070846401614   ,Slice 1
116.720760609645 ,0.0186842226682013   ,Slice 1
117.591811061956 ,0.0014985102804929   ,Slice 1
118.462861514267 ,-0.012859061168171   ,Slice 1
119.333911966577 ,-0.0241212661036391  ,Slice 1
120.204962418888 ,-0.0295188448545764  ,Slice 1
121.076012871199 ,-0.0269855636057261  ,Slice 1
121.94706332351  ,-0.0172514442207556  ,Slice 1
122.81811377582  ,-0.00179643622831    ,Slice 1
123.689164228131 ,0.0172590049201993   ,Slice 1
124.560214680442 ,0.0320299630424692   ,Slice 1
125.431265132753 ,0.0334001614186744   ,Slice 1
126.302315585064 ,0.0218611808715384   ,Slice 1
127.173366037374 ,0.00490988162434367  ,Slice 1
128.044416489685 ,-0.0117794582010225  ,Slice 1
128.915466941996 ,-0.0264469482915252  ,Slice 1
129.786517394307 ,-0.0359557688354608  ,Slice 1
130.657567846618 ,-0.03640832160355    ,Slice 1
131.528618298928 ,-0.0286505613939805  ,Slice 1
132.399668751239 ,-0.0156822737642489  ,Slice 1
133.27071920355  ,0.00153253767152419  ,Slice 1
134.141769655861 ,0.0207759075289145   ,Slice 1
135.012820108172 ,0.0338109060536491   ,Slice 1
135.883870560482 ,0.0321530670074679   ,Slice 1
136.754921012793 ,0.0174742156053738   ,Slice 1
137.625971465104 ,-0.00158260896261504 ,Slice 1
138.497021917415 ,-0.019196976849328   ,Slice 1
139.368072369726 ,-0.0322116054217482  ,Slice 1
140.239122822036 ,-0.0376766923741881  ,Slice 1
141.110173274347 ,-0.0350393845667811  ,Slice 1
141.981223726658 ,-0.0263374499243301  ,Slice 1
142.852274178969 ,-0.0124831997314457  ,Slice 1
143.72332463128  ,0.00642183806008334  ,Slice 1
144.59437508359  ,0.0245502394829843   ,Slice 1
145.465425535901 ,0.0326566568105982   ,Slice 1
146.336475988212 ,0.0273269156473684   ,Slice 1
147.207526440523 ,0.013119699054727    ,Slice 1
148.078576892833 ,-0.0037952654198733  ,Slice 1
148.949627345144 ,-0.020076497642503   ,Slice 1
149.820677797455 ,-0.0315047361264628  ,Slice 1
150.691728249766 ,-0.034555392489659   ,Slice 1
151.562778702077 ,-0.0300608376487875  ,Slice 1
152.433829154387 ,-0.0199769475049779  ,Slice 1
153.304879606698 ,-0.00478923202117458 ,Slice 1
154.175930059009 ,0.0131671345067608   ,Slice 1
155.04698051132  ,0.0271717093217031   ,Slice 1
155.918030963631 ,0.0312468936077018   ,Slice 1
156.789081415941 ,0.0246749502761248   ,Slice 1
157.660131868252 ,0.0109990493597217   ,Slice 1
158.531182320563 ,-0.00495486104122595 ,Slice 1
159.402232772874 ,-0.0186165595439488  ,Slice 1
160.273283225185 ,-0.0258730208667198  ,Slice 1
161.144333677495 ,-0.0253753806033263  ,Slice 1
162.015384129806 ,-0.0187586921722899  ,Slice 1
162.886434582117 ,-0.00727865622667156 ,Slice 1
163.757485034428 ,0.0082819336397068   ,Slice 1
164.628535486739 ,0.0233121328409806   ,Slice 1
165.499585939049 ,0.0317803464590815   ,Slice 1
166.37063639136  ,0.0311498109174653   ,Slice 1
167.241686843671 ,0.0215566347115807   ,Slice 1
168.112737295982 ,0.00559033699353062  ,Slice 1
168.983787748293 ,-0.0114164102907117  ,Slice 1
169.854838200603 ,-0.0226440460542653  ,Slice 1
170.725888652914 ,-0.024667697421903   ,Slice 1
171.596939105225 ,-0.0195307264031324  ,Slice 1
172.467989557536 ,-0.00975047387023811 ,Slice 1
173.339040009847 ,0.00450246306158354  ,Slice 1
174.210090462157 ,0.0210025619221861   ,Slice 1
175.081140914468 ,0.0336614672023815   ,Slice 1
175.952191366779 ,0.0378629141910089   ,Slice 1
176.82324181909  ,0.0325607309700944   ,Slice 1
177.694292271401 ,0.0189832970889999   ,Slice 1
178.565342723711 ,0.00125420824120589  ,Slice 1
179.436393176022 ,-0.0142438316067422  ,Slice 1
180.307443628333 ,-0.0223771841471026  ,Slice 1
181.178494080644 ,-0.0221784297116328  ,Slice 1
182.049544532955 ,-0.0160869735320365  ,Slice 1
182.920594985265 ,-0.00606163430333083 ,Slice 1
183.791645437576 ,0.00743953051617452  ,Slice 1
184.662695889887 ,0.0207678219956365   ,Slice 1
185.533746342198 ,0.0285735219074382   ,Slice 1
186.404796794508 ,0.0284152300683025   ,Slice 1
187.275847246819 ,0.019324590218143    ,Slice 1
188.14689769913  ,0.00299733944799101  ,Slice 1
189.017948151441 ,-0.0149230816289944  ,Slice 1
189.888998603752 ,-0.0277976277212492  ,Slice 1
190.760049056062 ,-0.0322066448189083  ,Slice 1
191.631099508373 ,-0.0292644416772432  ,Slice 1
192.502149960684 ,-0.0208744393861702  ,Slice 1
193.373200412995 ,-0.00741095449046803 ,Slice 1
194.244250865306 ,0.00801518932991636  ,Slice 1
195.115301317616 ,0.0190162914888546   ,Slice 1
195.986351769927 ,0.0235971919271333   ,Slice 1
196.857402222238 ,0.0234361124449948   ,Slice 1
197.728452674549 ,0.0165859774336494   ,Slice 1
198.59950312686  ,0.00207453891542047  ,Slice 1
199.47055357917  ,-0.0137723862034045  ,Slice 1
200.341604031481 ,-0.0235554016457097  ,Slice 1
201.212654483792 ,-0.0255530046162529  ,Slice 1
202.083704936103 ,-0.0218295086722071  ,Slice 1
202.954755388414 ,-0.0134081286985932  ,Slice 1
203.825805840724 ,-0.00047044880833992 ,Slice 1
204.696856293035 ,0.0125115381289587   ,Slice 1
205.567906745346 ,0.020543366765373    ,Slice 1
206.438957197657 ,0.024249858523797    ,Slice 1
207.310007649968 ,0.0228721929320961   ,Slice 1
208.181058102278 ,0.0129046339820674   ,Slice 1
209.052108554589 ,-0.0026319780938093  ,Slice 1
209.9231590069   ,-0.0155230789132024  ,Slice 1
210.794209459211 ,-0.0212014709413942  ,Slice 1
211.665259911522 ,-0.0202652554146249  ,Slice 1
212.536310363832 ,-0.0140949893602811  ,Slice 1
213.407360816143 ,-0.00258322966601147 ,Slice 1
214.278411268454 ,0.0117500806293954   ,Slice 1
215.149461720765 ,0.0229039261470054   ,Slice 1
216.020512173076 ,0.0287319549933941   ,Slice 1
216.891562625386 ,0.0301105812420666   ,Slice 1
217.762613077697 ,0.0240164593220185   ,Slice 1
218.633663530008 ,0.00942382637187931  ,Slice 1
219.504713982319 ,-0.00664555580690549 ,Slice 1
220.37576443463  ,-0.0166057100019556  ,Slice 1
221.24681488694  ,-0.018887507574181   ,Slice 1
222.117865339251 ,-0.0155710043430509  ,Slice 1
222.988915791562 ,-0.00753655895224569 ,Slice 1
223.859966243873 ,0.00436957920903436  ,Slice 1
224.731016696183 ,0.0150762415440305   ,Slice 1
225.602067148494 ,0.020966682197676    ,Slice 1
226.473117600805 ,0.0247220297613415   ,Slice 1
227.344168053116 ,0.0249901582634379   ,Slice 1
228.215218505427 ,0.0154484085143097   ,Slice 1
229.086268957737 ,-0.00154635468337363 ,Slice 1
229.957319410048 ,-0.016210999504622   ,Slice 1
230.828369862359 ,-0.0229644688168315  ,Slice 1
231.69942031467  ,-0.0225114710410258  ,Slice 1
232.570470766981 ,-0.0167624226344876  ,Slice 1
233.441521219291 ,-0.00638551356060426 ,Slice 1
234.312571671602 ,0.00557860635863341  ,Slice 1
235.183622123913 ,0.0141824227204679   ,Slice 1
236.054672576224 ,0.0193784208500892   ,Slice 1
236.925723028535 ,0.0234532973833642   ,Slice 1
237.796773480845 ,0.0217493464371763   ,Slice 1
238.667823933156 ,0.00953100194156484  ,Slice 1
239.538874385467 ,-0.00699871920868243 ,Slice 1
240.409924837778 ,-0.0186981172084388  ,Slice 1
241.280975290089 ,-0.023179830888727   ,Slice 1
242.152025742399 ,-0.0220349422549083  ,Slice 1
243.02307619471  ,-0.0161407075242749  ,Slice 1
243.894126647021 ,-0.0069488270966889  ,Slice 1
244.765177099332 ,0.000815006385257333 ,Slice 1
245.636227551643 ,0.00491628215200863  ,Slice 1
246.507278003953 ,0.00958330658203195  ,Slice 1
247.378328456264 ,0.0147639852567361   ,Slice 1
248.249378908575 ,0.0125570078285174   ,Slice 1
249.120429360886 ,0.000902843308091772 ,Slice 1
249.991479813197 ,-0.0122985387824001  ,Slice 1
250.862530265507 ,-0.0200935271124807  ,Slice 1
251.733580717818 ,-0.0220150607909408  ,Slice 1
252.604631170129 ,-0.0193467357184754  ,Slice 1
253.47568162244  ,-0.0120578750738246  ,Slice 1
254.346732074751 ,-0.00314528042798138 ,Slice 1
255.217782527061 ,0.00251841886648564  ,Slice 1
256.088832979372 ,0.00587676618957747  ,Slice 1
256.959883431683 ,0.0110036039324883   ,Slice 1
257.830933883994 ,0.0150083287535224   ,Slice 1
258.701984336304 ,0.010658592803067    ,Slice 1
259.573034788615 ,-0.00106618064556269 ,Slice 1
260.444085240926 ,-0.0118373084870313  ,Slice 1
261.315135693237 ,-0.0169505577760602  ,Slice 1
262.186186145548 ,-0.0166790500228784  ,Slice 1
263.057236597858 ,-0.0113763601256959  ,Slice 1
263.928287050169 ,-0.00240134355516883 ,Slice 1
264.79933750248  ,0.00495575867940905  ,Slice 1
265.670387954791 ,0.00821961734758118  ,Slice 1
266.541438407101 ,0.0122399096926026   ,Slice 1
267.412488859412 ,0.0179082247278345   ,Slice 1
268.283539311723 ,0.0170857344566618   ,Slice 1
269.154589764034 ,0.00590815421429405  ,Slice 1
270.025640216344 ,-0.00841320795528537 ,Slice 1
270.896690668655 ,-0.0178439544822599  ,Slice 1
271.767741120966 ,-0.0205503467735884  ,Slice 1
272.638791573277 ,-0.0175752680331609  ,Slice 1
273.509842025587 ,-0.0102353251381141  ,Slice 1
274.380892477898 ,-0.00281797944619979 ,Slice 1
275.251942930209 ,-4.62419436332391E-05,Slice 1
276.12299338252  ,0.000664190619058846 ,Slice 1
276.994043834831 ,0.00521274805151831  ,Slice 1
277.865094287141 ,0.0119198038069623   ,Slice 1
278.736144739452 ,0.0128700351217032   ,Slice 1
279.607195191763 ,0.0061404820766532   ,Slice 1
280.478245644074 ,-0.00156361903131828 ,Slice 1
281.349296096384 ,-0.00534282278529996 ,Slice 1
282.220346548695 ,-0.00523974569616719 ,Slice 1
283.091397001006 ,-0.00142910196033508 ,Slice 1
283.962447453317 ,0.00502025462955444  ,Slice 1
284.833497905628 ,0.00931609990437023  ,Slice 1
285.704548357938 ,0.00890355315216104  ,Slice 1
286.575598810249 ,0.00873719846811035  ,Slice 1
287.44664926256  ,0.0125566903769725   ,Slice 1
288.317699714871 ,0.0154122643476858   ,Slice 1
289.188750167181 ,0.0107547429631253   ,Slice 1
290.059800619492 ,0.000386301516638105 ,Slice 1
290.930851071803 ,-0.00839994581381692 ,Slice 1
291.801901524114 ,-0.0122783404668783  ,Slice 1
292.672951976424 ,-0.0115410234753939  ,Slice 1
293.544002428735 ,-0.00628013265091473 ,Slice 1
294.415052881046 ,0.000245161801722165 ,Slice 1
295.286103333357 ,0.00338775900084325  ,Slice 1
296.157153785667 ,0.00482594325522155  ,Slice 1
297.028204237978 ,0.00928463172954422  ,Slice 1
297.899254690289 ,0.0149664241336752   ,Slice 1
298.7703051426   ,0.0141997121776197   ,Slice 1
299.641355594911 ,0.00465982900375417  ,Slice 1
300.512406047221 ,-0.00659435408943778 ,Slice 1
301.383456499532 ,-0.0135770315831698  ,Slice 1
302.254506951843 ,-0.0160767925361192  ,Slice 1
303.125557404154 ,-0.0141602834707705  ,Slice 1
303.996607856464 ,-0.00887810115177806 ,Slice 1
304.867658308775 ,-0.00532024797132041 ,Slice 1
305.738708761086 ,-0.00551339341771598 ,Slice 1
306.609759213397 ,-0.00408978174033185 ,Slice 1
307.480809665707 ,0.00265229620610337  ,Slice 1
308.351860118018 ,0.0103062675209629   ,Slice 1
309.222910570329 ,0.011116267514087    ,Slice 1
310.09396102264  ,0.00399527804374311  ,Slice 1
310.96501147495  ,-0.00460901290843237 ,Slice 1
311.836061927261 ,-0.0102730964935685  ,Slice 1
312.707112379572 ,-0.0117848341698983  ,Slice 1
313.578162831883 ,-0.00856346820902638 ,Slice 1
314.449213284194 ,-0.00439776063117262 ,Slice 1
315.320263736504 ,-0.00395361319320836 ,Slice 1
316.191314188815 ,-0.00473708458380348 ,Slice 1
317.062364641126 ,-0.00108304948432083 ,Slice 1
317.933415093437 ,0.00692996636594795  ,Slice 1
318.804465545747 ,0.0126985050690911   ,Slice 1
319.675515998058 ,0.0107248664475192   ,Slice 1
320.546566450369 ,0.00359239523405518  ,Slice 1
321.41761690268  ,-0.00282384853980033 ,Slice 1
322.28866735499  ,-0.00597875936771958 ,Slice 1
323.159717807301 ,-0.0050715281487316  ,Slice 1
324.030768259612 ,-0.00122404724450337 ,Slice 1
324.901818711923 ,0.000637834380236947 ,Slice 1
325.772869164234 ,-0.00142656749760035 ,Slice 1
326.643919616544 ,-0.00210387143194798 ,Slice 1
327.514970068855 ,0.00250950069046876  ,Slice 1
328.386020521166 ,0.00921697718475246  ,Slice 1
329.257070973477 ,0.0113514930346755   ,Slice 1
330.128121425787 ,0.00618742193439651  ,Slice 1
330.999171878098 ,-0.00216818137654184 ,Slice 1
331.870222330409 ,-0.0089710502536737  ,Slice 1
332.74127278272  ,-0.0120184811703048  ,Slice 1
333.61232323503  ,-0.0106304822788679  ,Slice 1
334.483373687341 ,-0.00810183550675719 ,Slice 1
335.354424139652 ,-0.00878186024796768 ,Slice 1
336.225474591963 ,-0.0107453421818559  ,Slice 1
337.096525044274 ,-0.00886533582412414 ,Slice 1
337.967575496584 ,-0.00246304818898348 ,Slice 1
338.838625948895 ,0.00519701850200087  ,Slice 1
339.709676401206 ,0.00925398512757733  ,Slice 1
340.580726853517 ,0.00698805401622548  ,Slice 1
341.451777305827 ,0.00136291957337136  ,Slice 1
342.322827758138 ,-0.00356584118961106 ,Slice 1
343.193878210449 ,-0.00525877161434585 ,Slice 1
344.06492866276  ,-0.00319084818212585 ,Slice 1
344.93597911507  ,-0.00177358366752869 ,Slice 1
345.807029567381 ,-0.00412858159756782 ,Slice 1
346.678080019692 ,-0.00584086080090708 ,Slice 1
347.549130472003 ,-0.00301430123085211 ,Slice 1
348.420180924314 ,0.00305792152008688  ,Slice 1
349.291231376624 ,0.00927185669768764  ,Slice 1
350.162281828935 ,0.0117129777664272   ,Slice 1
351.033332281246 ,0.00908093011511358  ,Slice 1
351.904382733557 ,0.00443572580374691  ,Slice 1
352.775433185867 ,0.00201035963993391  ,Slice 1
353.646483638178 ,0.00407251711655594  ,Slice 1
354.517534090489 ,0.00716941853892762  ,Slice 1
355.3885845428   ,0.00581469805608968  ,Slice 1
356.25963499511  ,0.0014930264849134   ,Slice 1
357.130685447421 ,0.000220191629731561 ,Slice 1
358.001735899732 ,0.00352196575453106  ,Slice 1
358.872786352043 ,0.00853194410856837  ,Slice 1
359.743836804353 ,0.0116907872951983   ,Slice 1
360.614887256664 ,0.0100097971113553   ,Slice 1
361.485937708975 ,0.00429713015712004  ,Slice 1
362.356988161286 ,-0.00146344957145405 ,Slice 1
363.228038613597 ,-0.00370498238913131 ,Slice 1
364.099089065907 ,-0.0018650638904087  ,Slice 1
364.970139518218 ,-0.000444978390130909,Slice 1
365.841189970529 ,-0.0028230861927218  ,Slice 1
366.71224042284  ,-0.00531229180514283 ,Slice 1
367.58329087515  ,-0.00310318157282286 ,Slice 1
368.454341327461 ,0.00314104433600405  ,Slice 1
369.325391779772 ,0.00958098891777008  ,Slice 1
370.196442232083 ,0.0129721536786402   ,Slice 1
371.067492684393 ,0.0116122796884895   ,Slice 1
371.938543136704 ,0.00698598290196669  ,Slice 1
372.809593589015 ,0.00268691426509518  ,Slice 1
373.680644041326 ,0.00154959302887475  ,Slice 1
374.551694493636 ,0.00291948358661084  ,Slice 1
375.422744945947 ,0.00248368939594407  ,Slice 1
376.293795398258 ,-0.000921176790099752,Slice 1
377.164845850569 ,-0.0033572545309595  ,Slice 1
378.03589630288  ,-0.00341705572108152 ,Slice 1
378.90694675519  ,-0.00221551004657132 ,Slice 1
379.777997207501 ,0.000740081648790844 ,Slice 1
380.649047659812 ,0.00408713403267637  ,Slice 1
381.520098112123 ,0.00490949326410123  ,Slice 1
382.391148564433 ,0.00322821634515014  ,Slice 1
383.262199016744 ,0.00150031476106613  ,Slice 1
384.133249469055 ,0.0014866803449385   ,Slice 1
385.004299921366 ,0.00142626995239375  ,Slice 1
385.875350373677 ,-0.00249713177029292 ,Slice 1
386.746400825987 ,-0.00957619513107047 ,Slice 1
387.617451278298 ,-0.0144299968194886  ,Slice 1
388.488501730609 ,-0.0143432118184028  ,Slice 1
389.35955218292  ,-0.010160814538355   ,Slice 1
390.23060263523  ,-0.00293366266575834 ,Slice 1
391.101653087541 ,0.00529770452094637  ,Slice 1
391.972703539852 ,0.0107542429855133   ,Slice 1
392.843753992163 ,0.0112088806955388   ,Slice 1
393.714804444473 ,0.0090387406685414   ,Slice 1
394.585854896784 ,0.00793423916541037  ,Slice 1
395.456905349095 ,0.00771954774932129  ,Slice 1
396.327955801406 ,0.00526721671658986  ,Slice 1
397.199006253716 ,-0.000310972258161181,Slice 1
398.070056706027 ,-0.00572601178012295 ,Slice 1
398.941107158338 ,-0.00754244080168292 ,Slice 1
399.812157610649 ,-0.00551690562592805 ,Slice 1
400.68320806296  ,-0.000991408944147135,Slice 1
401.55425851527  ,0.00517079217436536  ,Slice 1
402.425308967581 ,0.0120536380065512   ,Slice 1
403.296359419892 ,0.0171442058772024   ,Slice 1
404.167409872203 ,0.0182318569958344   ,Slice 1
405.038460324513 ,0.0163057201557753   ,Slice 1
405.909510776824 ,0.0137241067571774   ,Slice 1
406.780561229135 ,0.0118258845149919   ,Slice 1
407.651611681446 ,0.0108214808674182   ,Slice 1
408.522662133756 ,0.00968310847245542  ,Slice 1
409.393712586067 ,0.00688856715345227  ,Slice 1
410.264763038378 ,0.00243819197599723  ,Slice 1
411.135813490689 ,-0.00225906095664208 ,Slice 1
412.006863943    ,-0.00619782519458757 ,Slice 1
412.87791439531  ,-0.00898302166628467 ,Slice 1
413.748964847621 ,-0.0102857255105696  ,Slice 1
414.620015299932 ,-0.00980649521742067 ,Slice 1
415.491065752243 ,-0.00765017096283392 ,Slice 1
416.362116204553 ,-0.00480072189447519 ,Slice 1
417.233166656864 ,-0.00199061353368978 ,Slice 1
418.104217109175 ,0.00112214705976774  ,Slice 1
418.975267561486 ,0.00441627669696738  ,Slice 1
419.846318013796 ,0.00709638562833103  ,Slice 1
420.717368466107 ,0.00874767240569762  ,Slice 1
421.588418918418 ,0.00945946287836839  ,Slice 1
422.459469370729 ,0.00973696484445477  ,Slice 1
423.330519823039 ,0.0104944206220179   ,Slice 1
424.20157027535  ,0.0123640222841943   ,Slice 1
425.072620727661 ,0.0146437355033412   ,Slice 1
425.943671179972 ,0.0156273586535212   ,Slice 1
426.814721632283 ,0.0138367812838967   ,Slice 1
427.685772084593 ,0.0090445037806365   ,Slice 1
428.556822536904 ,0.00248406080892335  ,Slice 1
429.427872989215 ,-0.00373277099474871 ,Slice 1
430.298923441526 ,-0.00823006016387402 ,Slice 1
431.169973893837 ,-0.0107312129285815  ,Slice 1
432.041024346147 ,-0.010076968658939   ,Slice 1
432.912074798458 ,-0.00573163431082217 ,Slice 1
433.783125250769 ,-0.000593793744443016,Slice 1
434.65417570308  ,0.00200608182298963  ,Slice 1
435.52522615539  ,0.00269222288340718  ,Slice 1
436.396276607701 ,0.00439668826407579  ,Slice 1
437.267327060012 ,0.00812752173278487  ,Slice 1
438.138377512323 ,0.012223669834878    ,Slice 1
439.009427964634 ,0.0137738695259925   ,Slice 1
439.880478416944 ,0.011124089037077    ,Slice 1
440.751528869255 ,0.00600930769026083  ,Slice 1
441.622579321566 ,0.0013214359482221   ,Slice 1
442.493629773877 ,-0.00110106044901709 ,Slice 1
443.364680226188 ,0.00021564447272329  ,Slice 1
444.235730678498 ,0.00447729630676132  ,Slice 1
445.106781130809 ,0.00703273166778661  ,Slice 1
445.97783158312  ,0.00488010148389152  ,Slice 1
446.848882035431 ,0.00161459936841214  ,Slice 1
447.719932487741 ,0.00178831745955382  ,Slice 1
448.590982940052 ,0.00483803325466874  ,Slice 1
449.462033392363 ,0.00698290725339207  ,Slice 1
450.333083844674 ,0.00505841758753901  ,Slice 1
451.204134296984 ,-0.000747140045941936,Slice 1
452.075184749295 ,-0.00758713040776625 ,Slice 1
452.946235201606 ,-0.0123320116606374  ,Slice 1
453.817285653917 ,-0.0123628659167402  ,Slice 1
454.688336106228 ,-0.00812429038957668 ,Slice 1
455.559386558538 ,-0.00452264078536485 ,Slice 1
456.430437010849 ,-0.00460308299718825 ,Slice 1
457.30148746316  ,-0.00473560590003856 ,Slice 1
458.172537915471 ,-0.00135058858475637 ,Slice 1
459.043588367781 ,0.00421089485454617  ,Slice 1
459.914638820092 ,0.00838013916507079  ,Slice 1
460.785689272403 ,0.00735062959660703  ,Slice 1
461.656739724714 ,0.00103980998670679  ,Slice 1
462.527790177025 ,-0.00629080865226892 ,Slice 1
463.398840629335 ,-0.0109049393935632  ,Slice 1
464.269891081646 ,-0.0107051830995125  ,Slice 1
465.140941533957 ,-0.00662811829437197 ,Slice 1
466.011991986268 ,-0.00372189350647562 ,Slice 1
466.883042438578 ,-0.0046024731544136  ,Slice 1
467.754092890889 ,-0.00564693749646706 ,Slice 1
468.6251433432   ,-0.00327390547430003 ,Slice 1
469.496193795511 ,0.00247886611571762  ,Slice 1
470.367244247822 ,0.00917549561389438  ,Slice 1
471.238294700132 ,0.0119969579118852   ,Slice 1
472.109345152443 ,0.00842315109477543  ,Slice 1
472.980395604754 ,0.0014821303655745   ,Slice 1
473.851446057065 ,-0.00403465873209129 ,Slice 1
474.722496509375 ,-0.00457052509702428 ,Slice 1
475.593546961686 ,-0.00170776800848154 ,Slice 1
476.464597413997 ,-0.000966279532973159,Slice 1
477.335647866308 ,-0.00289515010552033 ,Slice 1
478.206698318619 ,-0.00315614580862139 ,Slice 1
479.077748770929 ,0.000113446642232289 ,Slice 1
479.94879922324  ,0.00575914285030497  ,Slice 1
480.819849675551 ,0.0108679281652657   ,Slice 1
481.690900127862 ,0.0109440751430003   ,Slice 1
482.561950580172 ,0.00514829320420101  ,Slice 1
483.433001032483 ,-0.00234299242972418 ,Slice 1
484.304051484794 ,-0.00657052840581873 ,Slice 1
485.175101937105 ,-0.00553001880984662 ,Slice 1
486.046152389416 ,-0.00331872332111245 ,Slice 1
486.917202841726 ,-0.00488825345995567 ,Slice 1
487.788253294037 ,-0.00802368630495189 ,Slice 1
488.659303746348 ,-0.00790474061741446 ,Slice 1
489.530354198659 ,-0.00344120536467563 ,Slice 1
490.401404650969 ,0.00427062412205487  ,Slice 1
491.27245510328  ,0.0115826718885064   ,Slice 1
492.143505555591 ,0.0134634971363861   ,Slice 1
493.014556007902 ,0.00942474709256861  ,Slice 1
493.885606460212 ,0.00369951301108583  ,Slice 1
494.756656912523 ,0.000972655000795578 ,Slice 1
495.627707364834 ,0.00153817949387337  ,Slice 1
496.498757817145 ,0.000505100555521505 ,Slice 1
497.369808269456 ,-0.00403703209294791 ,Slice 1
498.240858721766 ,-0.00747079210986013 ,Slice 1
499.111909174077 ,-0.00581137183892381 ,Slice 1
499.982959626388 ,0.000746927267719898 ,Slice 1
500.854010078699 ,0.0101717900449368   ,Slice 1
501.725060531009 ,0.0174271660386069   ,Slice 1
502.59611098332  ,0.0171158987582539   ,Slice 1
503.467161435631 ,0.0105617466555255   ,Slice 1
504.338211887942 ,0.00422648354406372  ,Slice 1
505.209262340253 ,0.00253891268075296  ,Slice 1
506.080312792563 ,0.00275456073296288  ,Slice 1
506.951363244874 ,-0.000558837294828629,Slice 1
507.822413697185 ,-0.00607087829194131 ,Slice 1
508.693464149496 ,-0.00861588472156506 ,Slice 1
509.564514601806 ,-0.00649202571695875 ,Slice 1
510.435565054117 ,-0.000292928927959197,Slice 1
511.306615506428 ,0.00836017788505428  ,Slice 1
512.177665958739 ,0.0140558613139544   ,Slice 1
513.048716411049 ,0.0120153627446732   ,Slice 1
513.91976686336  ,0.00526893557255281  ,Slice 1
514.790817315671 ,0.000663273045668303 ,Slice 1
515.661867767982 ,0.000256266402608108 ,Slice 1
516.532918220293 ,-0.000605620469715469,Slice 1
517.403968672603 ,-0.00530642693655715 ,Slice 1
518.275019124914 ,-0.0100902202182795  ,Slice 1
519.146069577225 ,-0.0106717644738811  ,Slice 1
520.017120029536 ,-0.00655277796838626 ,Slice 1
520.888170481846 ,0.00207010162140388  ,Slice 1
521.759220934157 ,0.0120251649367693   ,Slice 1
522.630271386468 ,0.0165606047148316   ,Slice 1
523.501321838779 ,0.0137655785618095   ,Slice 1
524.37237229109  ,0.00874446317332624  ,Slice 1
525.2434227434   ,0.00599360280278672  ,Slice 1
526.114473195711 ,0.00367451060091774  ,Slice 1
526.985523648022 ,-0.00238200555819993 ,Slice 1
527.856574100333 ,-0.0102370757778019  ,Slice 1
528.727624552643 ,-0.0145280997346308  ,Slice 1
529.598675004954 ,-0.0135916431826169  ,Slice 1
530.469725457265 ,-0.00768134837036741 ,Slice 1
531.340775909576 ,0.00264526830959595  ,Slice 1
532.211826361886 ,0.0121288290788783   ,Slice 1
533.082876814197 ,0.0140450352926486   ,Slice 1
533.953927266508 ,0.00961879791278676  ,Slice 1
534.824977718819 ,0.00559051930389476  ,Slice 1
535.696028171129 ,0.00425973204634355  ,Slice 1
536.56707862344  ,0.00138290370103941  ,Slice 1
537.438129075751 ,-0.00555242871701428 ,Slice 1
538.309179528062 ,-0.0121995038722816  ,Slice 1
539.180229980372 ,-0.0142251289120102  ,Slice 1
540.051280432683 ,-0.0111614160208972  ,Slice 1
540.922330884994 ,-0.00304008598600937 ,Slice 1
541.793381337305 ,0.00733010347628176  ,Slice 1
542.664431789616 ,0.0124853008051533   ,Slice 1
543.535482241926 ,0.0086916274967764   ,Slice 1
544.406532694237 ,0.00194679351773896  ,Slice 1
545.277583146548 ,0.000160334743183873 ,Slice 1
546.148633598859 ,0.00215410512253545  ,Slice 1
547.019684051169 ,0.000642262499287657 ,Slice 1
547.89073450348  ,-0.00544005389701345 ,Slice 1
548.761784955791 ,-0.01087520001675    ,Slice 1
549.632835408102 ,-0.0123892308079078  ,Slice 1
550.503885860413 ,-0.00923432990267634 ,Slice 1
551.374936312723 ,-0.000654142204451757,Slice 1
552.245986765034 ,0.0100242815153133   ,Slice 1
553.117037217345 ,0.0141585261422614   ,Slice 1
553.988087669656 ,0.00924880774951083  ,Slice 1
554.859138121966 ,0.00289210464171842  ,Slice 1
555.730188574277 ,-0.000143322980047905,Slice 1
556.601239026588 ,-0.00397893131030263 ,Slice 1
557.472289478899 ,-0.0118461493853125  ,Slice 1
558.343339931209 ,-0.0195942362975007  ,Slice 1
559.21439038352  ,-0.0225452160257936  ,Slice 1
560.085440835831 ,-0.019731056447499   ,Slice 1
560.956491288142 ,-0.01088428598336    ,Slice 1
561.827541740452 ,0.00309476345369652  ,Slice 1
562.698592192763 ,0.0164818202011027   ,Slice 1
563.569642645074 ,0.0215066126182493   ,Slice 1
564.440693097385 ,0.0187285302920472   ,Slice 1
565.311743549696 ,0.0157830242440392   ,Slice 1
566.182794002006 ,0.0139652042687791   ,Slice 1
567.053844454317 ,0.00789391513504849  ,Slice 1
567.924894906628 ,-0.00278904010683783 ,Slice 1
568.795945358939 ,-0.012685789916563   ,Slice 1
569.666995811249 ,-0.017763222167782   ,Slice 1
570.53804626356  ,-0.0162602280669888  ,Slice 1
571.409096715871 ,-0.00714347094415552 ,Slice 1
572.280147168182 ,0.00670583160197778  ,Slice 1
573.151197620492 ,0.0161086994841083   ,Slice 1
574.022248072803 ,0.0153508893072676   ,Slice 1
574.893298525114 ,0.0103112336124882   ,Slice 1
575.764348977425 ,0.00674109849209846  ,Slice 1
576.635399429735 ,0.00122925709339875  ,Slice 1
577.506449882046 ,-0.00864029285831072 ,Slice 1
578.377500334357 ,-0.0178776400963397  ,Slice 1
579.248550786668 ,-0.022225334596176   ,Slice 1
580.119601238979 ,-0.0214573457118769  ,Slice 1
580.990651691289 ,-0.0144564637071929  ,Slice 1
581.8617021436   ,-0.000765648069087776,Slice 1
582.732752595911 ,0.014503467018888    ,Slice 1
583.603803048222 ,0.0224390756698504   ,Slice 1
584.474853500532 ,0.0204696264831722   ,Slice 1
585.345903952843 ,0.0154550754840615   ,Slice 1
586.216954405154 ,0.0105553992500051   ,Slice 1
587.088004857465 ,0.00216384768814018  ,Slice 1
587.959055309776 ,-0.00872504268947332 ,Slice 1
588.830105762086 ,-0.0170980249685455  ,Slice 1
589.701156214397 ,-0.0208969131432121  ,Slice 1
590.572206666708 ,-0.0192049421702382  ,Slice 1
591.443257119019 ,-0.0101262635127687  ,Slice 1
592.314307571329 ,0.00517041979563897  ,Slice 1
593.18535802364  ,0.0186610571996495   ,Slice 1
594.056408475951 ,0.0220361788013916   ,Slice 1
594.927458928262 ,0.0179507243892467   ,Slice 1
595.798509380572 ,0.0135317994546805   ,Slice 1
596.669559832883 ,0.00778738235485725  ,Slice 1
597.540610285194 ,-0.00198288148284724 ,Slice 1
598.411660737505 ,-0.01207151152621    ,Slice 1
599.282711189815 ,-0.0187314519747995  ,Slice 1
600.153761642126 ,-0.0214076551743467  ,Slice 1
601.024812094437 ,-0.0180782342279956  ,Slice 1
601.895862546748 ,-0.00681889746748533 ,Slice 1
602.766912999058 ,0.00815710738275011  ,Slice 1
603.637963451369 ,0.0172412428258163   ,Slice 1
604.50901390368  ,0.01721445745631     ,Slice 1
605.380064355991 ,0.0143464984645426   ,Slice 1
606.251114808302 ,0.0104860238417063   ,Slice 1
607.122165260612 ,0.00204227322032369  ,Slice 1
607.993215712923 ,-0.00895726261637671 ,Slice 1
608.864266165234 ,-0.0170849490793483  ,Slice 1
609.735316617545 ,-0.0204662196762923  ,Slice 1
610.606367069855 ,-0.0189477026741886  ,Slice 1
611.477417522166 ,-0.0111266070130749  ,Slice 1
612.348467974477 ,0.00304942303079611  ,Slice 1
613.219518426788 ,0.0182985652782489   ,Slice 1
614.090568879099 ,0.0274364737109952   ,Slice 1
614.961619331409 ,0.0295801856677928   ,Slice 1
615.83266978372  ,0.0274720906505366   ,Slice 1
616.703720236031 ,0.0204418794183612   ,Slice 1
617.574770688342 ,0.00856435908950494  ,Slice 1
618.445821140652 ,-0.00345059469430394 ,Slice 1
619.316871592963 ,-0.012148543247221   ,Slice 1
620.187922045274 ,-0.0170858091897502  ,Slice 1
621.058972497585 ,-0.0164599394982325  ,Slice 1
621.930022949895 ,-0.00767942129189531 ,Slice 1
622.801073402206 ,0.00795936451790772  ,Slice 1
623.672123854517 ,0.023641195774715    ,Slice 1
624.543174306828 ,0.0326768753028741   ,Slice 1
625.414224759139 ,0.0345028889068379   ,Slice 1
626.285275211449 ,0.0303040920389933   ,Slice 1
627.15632566376  ,0.0190758970725862   ,Slice 1
628.027376116071 ,0.00393422434385816  ,Slice 1
628.898426568382 ,-0.00932617964841946 ,Slice 1
629.769477020692 ,-0.0191783332886359  ,Slice 1
630.640527473003 ,-0.0245860345083529  ,Slice 1
631.511577925314 ,-0.0213645136258426  ,Slice 1
632.382628377625 ,-0.00774122529824261 ,Slice 1
633.253678829935 ,0.0103813764451826   ,Slice 1
634.124729282246 ,0.0247714632426187   ,Slice 1
634.995779734557 ,0.0309048947205481   ,Slice 1
635.866830186868 ,0.0272027348576006   ,Slice 1
636.737880639178 ,0.0151958663506298   ,Slice 1
637.608931091489 ,-0.00105599332513502 ,Slice 1
638.4799815438   ,-0.0160031232734535  ,Slice 1
639.351031996111 ,-0.0261982908242938  ,Slice 1
640.222082448422 ,-0.0312959934715189  ,Slice 1
641.093132900732 ,-0.0295885545399413  ,Slice 1
641.964183353043 ,-0.0191410674923931  ,Slice 1
642.835233805354 ,-0.0020909353559961  ,Slice 1
643.706284257665 ,0.0151991462887949   ,Slice 1
644.577334709975 ,0.0270919335580752   ,Slice 1
645.448385162286 ,0.0322219884325525   ,Slice 1
646.319435614597 ,0.0299003432640589   ,Slice 1
647.190486066908 ,0.0192759507737747   ,Slice 1
648.061536519218 ,0.00498764694777673  ,Slice 1
648.932586971529 ,-0.0064488191864777  ,Slice 1
649.80363742384  ,-0.0137561135246598  ,Slice 1
650.674687876151 ,-0.0171178698821807  ,Slice 1
651.545738328462 ,-0.0143499505779652  ,Slice 1
652.416788780772 ,-0.0042036425561343  ,Slice 1
653.287839233083 ,0.0105386802668697   ,Slice 1
654.158889685394 ,0.0243864049957799   ,Slice 1
655.029940137705 ,0.0323011018574254   ,Slice 1
655.900990590015 ,0.0315460017245379   ,Slice 1
656.772041042326 ,0.0224862637021356   ,Slice 1
657.643091494637 ,0.00846254782245772  ,Slice 1
658.514141946948 ,-0.00552663873057564 ,Slice 1
659.385192399258 ,-0.0164950062709369  ,Slice 1
660.256242851569 ,-0.0238313486133626  ,Slice 1
661.12729330388  ,-0.0254593012241705  ,Slice 1
661.998343756191 ,-0.0184480409441551  ,Slice 1
662.869394208501 ,-0.00366202906737431 ,Slice 1
663.740444660812 ,0.0133380075693691   ,Slice 1
664.611495113123 ,0.0257790928433014   ,Slice 1
665.482545565434 ,0.029557116765084    ,Slice 1
666.353596017745 ,0.0240233579568683   ,Slice 1
667.224646470055 ,0.010364066987014    ,Slice 1
668.095696922366 ,-0.00622002700443509 ,Slice 1
668.966747374677 ,-0.0194588296869314  ,Slice 1
669.837797826988 ,-0.0273613272735413  ,Slice 1
670.708848279298 ,-0.0290540240197029  ,Slice 1
671.579898731609 ,-0.0226983694988718  ,Slice 1
672.45094918392  ,-0.00879242593922907 ,Slice 1
673.321999636231 ,0.00821560237211004  ,Slice 1
674.193050088541 ,0.0246022443431564   ,Slice 1
675.064100540852 ,0.0372921177114523   ,Slice 1
675.935150993163 ,0.039630793270588    ,Slice 1
676.806201445474 ,0.0285570331372215   ,Slice 1
677.677251897785 ,0.0101489061270584   ,Slice 1
678.548302350095 ,-0.00708441118673955 ,Slice 1
679.419352802406 ,-0.0198013759916679  ,Slice 1
680.290403254717 ,-0.0283104303391452  ,Slice 1
681.161453707028 ,-0.0307763619423761  ,Slice 1
682.032504159338 ,-0.0247591674955215  ,Slice 1
682.903554611649 ,-0.0118506096795218  ,Slice 1
683.77460506396  ,0.00447619695823863  ,Slice 1
684.645655516271 ,0.0211915642192083   ,Slice 1
685.516705968581 ,0.031830083060881    ,Slice 1
686.387756420892 ,0.0295088106824657   ,Slice 1
687.258806873203 ,0.0154265552921071   ,Slice 1
688.129857325514 ,-0.00153045308715044 ,Slice 1
689.000907777825 ,-0.0145853136219225  ,Slice 1
689.871958230135 ,-0.0233985257412468  ,Slice 1
690.743008682446 ,-0.0279058931401455  ,Slice 1
691.614059134757 ,-0.0257165033539533  ,Slice 1
692.485109587068 ,-0.0159739462583855  ,Slice 1
693.356160039378 ,-0.00189871302957248 ,Slice 1
694.227210491689 ,0.0143015930808065   ,Slice 1
695.098260944    ,0.0312370804177609   ,Slice 1
695.969311396311 ,0.0397319736534554   ,Slice 1
696.840361848621 ,0.0320667963274429   ,Slice 1
697.711412300932 ,0.0137958325540615   ,Slice 1
698.582462753243 ,-0.00498609680710643 ,Slice 1
699.453513205554 ,-0.0197759722395138  ,Slice 1
700.324563657864 ,-0.0303489409710981  ,Slice 1
701.195614110175 ,-0.0345869561222553  ,Slice 1
702.066664562486 ,-0.0292467208955084  ,Slice 1
702.937715014797 ,-0.0161812397471541  ,Slice 1
703.808765467108 ,0.00019705043244516  ,Slice 1
704.679815919418 ,0.0188969440665551   ,Slice 1
705.550866371729 ,0.0358543498352214   ,Slice 1
706.42191682404  ,0.0405568573579076   ,Slice 1
707.292967276351 ,0.0295465845277978   ,Slice 1
708.164017728661 ,0.011846664548314    ,Slice 1
709.035068180972 ,-0.0040263255050722  ,Slice 1
709.906118633283 ,-0.0159233111064634  ,Slice 1
710.777169085594 ,-0.0225692357176881  ,Slice 1
711.648219537904 ,-0.0221080674625205  ,Slice 1
712.519269990215 ,-0.0144251195588208  ,Slice 1
713.390320442526 ,-0.00222906576721228 ,Slice 1
714.261370894837 ,0.012517943656943    ,Slice 1
715.132421347148 ,0.0287807112363269   ,Slice 1
716.003471799458 ,0.0388163717700468   ,Slice 1
716.874522251769 ,0.0330646421050277   ,Slice 1
717.74557270408  ,0.0149707835113106   ,Slice 1
718.616623156391 ,-0.00363145056736687 ,Slice 1
719.487673608701 ,-0.0176928777252211  ,Slice 1
720.358724061012 ,-0.0276220326352332  ,Slice 1
721.229774513323 ,-0.0317705156905538  ,Slice 1
722.100824965634 ,-0.0283462959595833  ,Slice 1
722.971875417944 ,-0.0190547292002409  ,Slice 1
723.842925870255 ,-0.00565730893415691 ,Slice 1
724.713976322566 ,0.0125623184163184   ,Slice 1
725.585026774877 ,0.0314481124951943   ,Slice 1
726.456077227188 ,0.0389495693886786   ,Slice 1
727.327127679498 ,0.0288343937695784   ,Slice 1
728.198178131809 ,0.00973191585737457  ,Slice 1
729.06922858412  ,-0.00806096950280756 ,Slice 1
729.940279036431 ,-0.0214248319760714  ,Slice 1
730.811329488741 ,-0.0287246096131505  ,Slice 1
731.682379941052 ,-0.0272454213938996  ,Slice 1
732.553430393363 ,-0.0169679789312502  ,Slice 1
733.424480845674 ,-0.0031640630072253  ,Slice 1
734.295531297984 ,0.0110448550457687   ,Slice 1
735.166581750295 ,0.0269902475246341   ,Slice 1
736.037632202606 ,0.0382686471113525   ,Slice 1
736.908682654917 ,0.03401892041144     ,Slice 1
737.779733107227 ,0.016538570056363    ,Slice 1
738.650783559538 ,-0.00287764192718315 ,Slice 1
739.521834011849 ,-0.0186964408959827  ,Slice 1
740.39288446416  ,-0.0298994264681595  ,Slice 1
741.263934916471 ,-0.0344065367757063  ,Slice 1
742.134985368781 ,-0.0308038457977073  ,Slice 1
743.006035821092 ,-0.0214843599797328  ,Slice 1
743.877086273403 ,-0.00881351059249521 ,Slice 1
744.748136725714 ,0.00852703515084062  ,Slice 1
745.619187178024 ,0.027372865752574    ,Slice 1
746.490237630335 ,0.0357041799861814   ,Slice 1
747.361288082646 ,0.0265306148368295   ,Slice 1
748.232338534957 ,0.00784898553246505  ,Slice 1
749.103388987267 ,-0.0104550669256723  ,Slice 1
749.974439439578 ,-0.025320195517899   ,Slice 1
750.845489891889 ,-0.0345560283408513  ,Slice 1
751.7165403442   ,-0.0358311877960481  ,Slice 1
752.587590796511 ,-0.0295382612453279  ,Slice 1
753.458641248821 ,-0.0189505252816977  ,Slice 1
754.329691701132 ,-0.00575179557408364 ,Slice 1
755.200742153443 ,0.0117863875802505   ,Slice 1
756.071792605754 ,0.0291788634847607   ,Slice 1
756.942843058064 ,0.033318086158916    ,Slice 1
757.813893510375 ,0.0204088218202878   ,Slice 1
758.684943962686 ,0.00160330926755904  ,Slice 1
759.555994414997 ,-0.0135320299159045  ,Slice 1
760.427044867307 ,-0.0233286712713993  ,Slice 1
761.298095319618 ,-0.0274030686513429  ,Slice 1
762.169145771929 ,-0.0248798017793312  ,Slice 1
763.04019622424  ,-0.0177287973713839  ,Slice 1
763.91124667655  ,-0.00772148171534327 ,Slice 1
764.782297128861 ,0.00739652529032017  ,Slice 1
765.653347581172 ,0.0262841031202619   ,Slice 1
766.524398033483 ,0.0369943971149747   ,Slice 1
767.395448485794 ,0.0291660800443801   ,Slice 1
768.266498938104 ,0.0101344829548083   ,Slice 1
769.137549390415 ,-0.007620535163491   ,Slice 1
770.008599842726 ,-0.021316415791854   ,Slice 1
770.879650295037 ,-0.0302160203708207  ,Slice 1
771.750700747347 ,-0.0322463058140982  ,Slice 1
772.621751199658 ,-0.0293370530820102  ,Slice 1
773.492801651969 ,-0.0251190327112778  ,Slice 1
774.36385210428  ,-0.0157048496393767  ,Slice 1
775.23490255659  ,0.0044130930216251   ,Slice 1
776.105953008901 ,0.0275538923133349   ,Slice 1
776.977003461212 ,0.0382250889277466   ,Slice 1
777.848053913523 ,0.0303700528076938   ,Slice 1
778.719104365834 ,0.0114892964286791   ,Slice 1
779.590154818144 ,-0.0089776272417884  ,Slice 1
780.461205270455 ,-0.0256663338680172  ,Slice 1
781.332255722766 ,-0.034860122615803   ,Slice 1
782.203306175077 ,-0.0350967677398348  ,Slice 1
783.074356627387 ,-0.0286487513071786  ,Slice 1
783.945407079698 ,-0.0180908141994147  ,Slice 1
784.816457532009 ,-0.00293918539696375 ,Slice 1
785.68750798432  ,0.0155327697840433   ,Slice 1
786.558558436631 ,0.0298869871793426   ,Slice 1
787.429608888941 ,0.0298449836289834   ,Slice 1
788.300659341252 ,0.0149666089448077   ,Slice 1
789.171709793563 ,-0.00436322199273739 ,Slice 1
790.042760245874 ,-0.0209024787217866  ,Slice 1
790.913810698184 ,-0.0313130195650087  ,Slice 1
791.784861150495 ,-0.0329019156094297  ,Slice 1
792.655911602806 ,-0.0274983733143886  ,Slice 1
793.526962055117 ,-0.0199396017419959  ,Slice 1
794.398012507427 ,-0.0110623627058561  ,Slice 1
795.269062959738 ,0.00339707931986075  ,Slice 1
796.140113412049 ,0.0234495073661072   ,Slice 1
797.01116386436  ,0.0378167785508401   ,Slice 1
797.88221431667  ,0.0364770086938935   ,Slice 1
798.753264768981 ,0.0234024461357632   ,Slice 1
799.624315221292 ,0.007363714849686    ,Slice 1
800.495365673603 ,-0.00730447191478933 ,Slice 1
801.366416125913 ,-0.0183791863135072  ,Slice 1
802.237466578224 ,-0.0237041055737995  ,Slice 1
803.108517030535 ,-0.0230831873435894  ,Slice 1
803.979567482846 ,-0.0174135563400394  ,Slice 1
804.850617935157 ,-0.00539384854705801 ,Slice 1
805.721668387467 ,0.0125822020675769   ,Slice 1
806.592718839778 ,0.0284955066994748   ,Slice 1
807.463769292089 ,0.0306218918593995   ,Slice 1
808.3348197444   ,0.0175094058326326   ,Slice 1
809.20587019671  ,-0.0018357302274253  ,Slice 1
810.076920649021 ,-0.0204157083560015  ,Slice 1
810.947971101332 ,-0.0335259860361014  ,Slice 1
811.819021553643 ,-0.0376969425064858  ,Slice 1
812.690072005953 ,-0.0347878169849937  ,Slice 1
813.561122458264 ,-0.0292357043727352  ,Slice 1
814.432172910575 ,-0.0209672630921455  ,Slice 1
815.303223362886 ,-0.00584080439418882 ,Slice 1
816.174273815197 ,0.0152405487120621   ,Slice 1
817.045324267507 ,0.0302851866288803   ,Slice 1
817.916374719818 ,0.0278628938484651   ,Slice 1
818.787425172129 ,0.011402689886954    ,Slice 1
819.65847562444  ,-0.00833173124408902 ,Slice 1
820.52952607675  ,-0.0244933385131609  ,Slice 1
821.400576529061 ,-0.0335307938605916  ,Slice 1
822.271626981372 ,-0.0345163587241605  ,Slice 1
823.142677433683 ,-0.0305882307330328  ,Slice 1
824.013727885993 ,-0.024086829146808   ,Slice 1
824.884778338304 ,-0.0121401875949128  ,Slice 1
825.755828790615 ,0.00747773193637998  ,Slice 1
826.626879242926 ,0.0292562246990763   ,Slice 1
827.497929695237 ,0.0403331082902861   ,Slice 1
828.368980147547 ,0.0336640030230924   ,Slice 1
829.240030599858 ,0.0154250119556094   ,Slice 1
830.111081052169 ,-0.00541321317204215 ,Slice 1
830.98213150448  ,-0.0221634428440723  ,Slice 1
831.85318195679  ,-0.0304516589464777  ,Slice 1
832.724232409101 ,-0.0309951483677078  ,Slice 1
833.595282861412 ,-0.0271023605693288  ,Slice 1
834.466333313723 ,-0.0192991239756423  ,Slice 1
835.337383766033 ,-0.00541810249289519 ,Slice 1
836.208434218344 ,0.0141268048561984   ,Slice 1
837.079484670655 ,0.0314935621026283   ,Slice 1
837.950535122966 ,0.0356329669731857   ,Slice 1
